Sample_event_ID	start_ISO_dateTime	stop_ISO_dateTime	start_lat	stop_lat	start_lon	stop_lon	Cruise_ID	Station_name	sampling_event_type	cruise_expedition
TARA_20120319T0958Z_152_EVENT_NET	3/19/12 9:58	3/19/12 10:50	43.686	43.688	-16.847	-16.852	TARA_20120314Z	TARA_152	net	Tara Oceans
TARA_20120218T2123Z_147_EVENT_NET	2/18/12 21:23	2/18/12 21:52	32.97	32.96	-66.555	-66.552	TARA_20120212Z	TARA_147	net	Tara Oceans
TARA_20111215T2007Z_139_EVENT_NET	12/15/11 20:07	12/15/11 20:23	6.495	6.496	-95.046	-95.05	TARA_20111124Z	TARA_139	net	Tara Oceans
TARA_20111215T1745Z_139_EVENT_NET	12/15/11 17:45	12/15/11 17:56	6.48	6.481	-95.015	-95.018	TARA_20111124Z	TARA_139	net	Tara Oceans
TARA_20111211T1945Z_138_EVENT_NET	12/11/11 19:45	12/11/11 20:28	6.339	6.354	-103.034	-103.052	TARA_20111124Z	TARA_138	net	Tara Oceans
TARA_20111005T0335Z_132_EVENT_NET	10/5/11 3:35	10/5/11 4:02	31.479	31.473	-159.09	-159.097	TARA_20110928Z	TARA_132	net	Tara Oceans
TARA_20110913T2025Z_130_EVENT_NET	9/13/11 20:25	9/13/11 20:43	11.252	11.248	-152.454	-152.465	TARA_20110826Z	TARA_130	net	Tara Oceans
TARA_20110913T1833Z_130_EVENT_NET	9/13/11 18:33	9/13/11 18:44	11.268	11.266	-152.397	-152.404	TARA_20110826Z	TARA_130	net	Tara Oceans
TARA_20110911T1956Z_129_EVENT_NET	9/11/11 19:56	9/11/11 20:42	6.643	6.651	-153.084	-153.089	TARA_20110826Z	TARA_129	net	Tara Oceans
TARA_20110911T1824Z_129_EVENT_NET	9/11/11 18:24	9/11/11 19:05	6.626	6.634	-153.07	-153.076	TARA_20110826Z	TARA_129	net	Tara Oceans
TARA_20110911T0026Z_129_EVENT_NET	9/11/11 0:26	9/11/11 0:50	6.838	6.846	-153.106	-153.107	TARA_20110826Z	TARA_129	net	Tara Oceans
TARA_20110910T2333Z_129_EVENT_NET	9/10/11 23:33	9/11/11 0:08	6.816	6.83	-153.103	-153.104	TARA_20110826Z	TARA_129	net	Tara Oceans
TARA_20110910T2035Z_129_EVENT_NET	9/10/11 20:35	9/10/11 20:53	6.738	6.746	-153.081	-153.084	TARA_20110826Z	TARA_129	net	Tara Oceans
TARA_20110910T1757Z_129_EVENT_PUMP	9/10/11 17:57	9/10/11 1:24	6.671	6.86	-153.066	-153.111	TARA_20110826Z	TARA_129	pump	Tara Oceans
TARA_20110701T2248Z_118_EVENT_NET	7/1/11 22:48	7/1/11 23:13	-23.157	-23.1	-135.018	-135	TARA_20110626Z	TARA_118	net	Tara Oceans
TARA_20110701T2203Z_118_EVENT_NET	7/1/11 22:03	7/1/11 22:24	-23.157	-23.1	-135.018	-135	TARA_20110626Z	TARA_118	net	Tara Oceans
TARA_20110701T0846Z_117_EVENT_NET	7/1/11 8:46	7/1/11 9:05	-23.157	-23.1	-135.018	-135	TARA_20110626Z	TARA_117	net	Tara Oceans
TARA_20110701T0744Z_117_EVENT_NET	7/1/11 7:44	7/1/11 7:59	-23.157	-23.1	-135.031	-135	TARA_20110626Z	TARA_117	net	Tara Oceans
TARA_20110630T0631Z_116_EVENT_NET	6/30/11 6:31	6/30/11 6:58	-23.233	-23.2	-134.961	-134.9	TARA_20110626Z	TARA_116	net	Tara Oceans
TARA_20110630T0557Z_116_EVENT_NET	6/30/11 5:57	6/30/11 6:13	-23.223	-23.2	-134.961	-134.9	TARA_20110626Z	TARA_116	net	Tara Oceans
TARA_20110628T2029Z_115_EVENT_NET	6/28/11 20:29	6/28/11 20:45	-23.232	-23.2	-134.962	-134.9	TARA_20110626Z	TARA_115	net	Tara Oceans
TARA_20110628T1908Z_115_EVENT_NET	6/28/11 19:08	6/28/11 19:33	-23.232	-23.2	-134.928	-134.9	TARA_20110626Z	TARA_115	net	Tara Oceans
TARA_20110626T1837Z_114_EVENT_NET	6/26/11 18:37	6/26/11 18:54	-23.159	-23.1	-134.924	-134.9	TARA_20110626Z	TARA_114	net	Tara Oceans
TARA_20110626T0626Z_114_EVENT_NET	NA	NA	NA	NA	NA	NA	NA	NA	net	Tara Oceans
TARA_20110619T2203Z_113_EVENT_NET	6/19/11 22:03	6/19/11 22:17	-23.116	-23.119	-134.933	-134.899	TARA_20110520Z	TARA_113	net	Tara Oceans
TARA_20110619T2000Z_113_EVENT_NET	6/19/11 20:00	6/19/11 20:20	-23.111	-23.111	-134.933	-134.933	TARA_20110520Z	TARA_113	net	Tara Oceans
TARA_20110615T2100Z_112_EVENT_NET	6/15/11 21:00	6/15/11 21:40	-23.214	-23.212	-129.631	-129.636	TARA_20110520Z	TARA_112	net	Tara Oceans
TARA_20110615T2034Z_112_EVENT_NET	6/15/11 20:34	6/15/11 20:54	-23.217	-23.216	-129.623	-129.628	TARA_20110520Z	TARA_112	net	Tara Oceans
TARA_20110614T1920Z_112_EVENT_NET	6/14/11 19:20	6/14/11 19:52	-23.249	-23.244	-129.461	-129.473	TARA_20110520Z	TARA_112	net	Tara Oceans
TARA_20110614T1850Z_112_EVENT_NET	6/14/11 18:50	6/14/11 19:11	-23.255	-23.251	-129.446	-129.454	TARA_20110520Z	TARA_112	net	Tara Oceans
TARA_20110614T1645Z_112_EVENT_PUMP	6/14/11 16:45	6/14/11 20:05	-23.281	-23.24	-129.395	-129.485	TARA_20110520Z	TARA_112	pump	Tara Oceans
TARA_20110521T2100Z_110_EVENT_PUMP	5/21/11 21:00	5/21/11 23:02	-1.9	-1.851	-84.626	-84.632	TARA_20110520Z	TARA_110	pump	Tara Oceans
TARA_20110504T1559Z_106_EVENT_NET	5/4/11 15:59	5/4/11 16:20	0.107	0.119	-84.624	-84.628	TARA_20110501Z	TARA_106	net	Tara Oceans
TARA_20110504T1449Z_106_EVENT_NET	5/4/11 14:49	5/4/11 15:09	0.068	0.077	-84.609	-84.612	TARA_20110501Z	TARA_106	net	Tara Oceans
TARA_20110503T2052Z_106_EVENT_PUMP	5/3/11 20:52	5/3/11 23:37	0.031	0.09	-84.612	-84.647	TARA_20110501Z	TARA_106	pump	Tara Oceans
TARA_20110503T1706Z_106_EVENT_NET	5/3/11 17:06	5/3/11 17:24	0.056	0.053	-84.626	-84.62	TARA_20110501Z	TARA_106	net	Tara Oceans
TARA_20110503T1518Z_106_EVENT_NET	5/3/11 15:18	5/3/11 15:32	0.025	0.029	-84.602	-84.606	TARA_20110501Z	TARA_106	net	Tara Oceans
TARA_20110503T1313Z_106_EVENT_NET	5/3/11 13:13	5/3/11 6:14	-0.014	-0.012	-84.59	-84.591	TARA_20110501Z	TARA_106	net	Tara Oceans
TARA_20110329T1512Z_097_EVENT_NET	3/29/11 15:12	3/29/11 15:48	-28.203	-28.208	-107.566	-107.671	TARA_20110311Z	TARA_097	net	Tara Oceans
TARA_20110328T2133Z_097_EVENT_NET	3/28/11 21:33	3/28/11 22:07	-28.181	-28.186	-107.599	-107.623	TARA_20110311Z	TARA_097	net	Tara Oceans
TARA_20110327T1706Z_097_EVENT_NET	3/27/11 17:06	3/27/11 17:31	-28.124	-28.126	-107.55	-107.54	TARA_20110311Z	TARA_097	net	Tara Oceans
TARA_20110324T2322Z_096_EVENT_NET	3/24/11 23:22	3/24/11 23:48	-29.625	-29.622	-101.363	-101.375	TARA_20110311Z	TARA_096	net	Tara Oceans
TARA_20110324T2104Z_096_EVENT_NET	3/24/11 21:04	3/24/11 21:15	-29.646	-29.648	-101.292	-101.283	TARA_20110311Z	TARA_096	net	Tara Oceans
TARA_20110324T1912Z_096_Combined-EVENTS_CAST	3/24/11 19:09	3/24/11 23:14	-29.668	-29.627	-101.228	-101.358	TARA_20110311Z	TARA_096	cast	Tara Oceans
TARA_20110324T1607Z_096_EVENT_NET	3/24/11 16:07	3/24/11 16:17	-29.66	-29.656	-101.235	-101.24	TARA_20110311Z	TARA_096	net	Tara Oceans
TARA_20110324T1427Z_096_EVENT_NET	3/24/11 14:27	3/24/11 14:42	-29.695	-29.691	-101.19	-101.194	TARA_20110311Z	TARA_096	net	Tara Oceans
TARA_20110321T1808Z_095_EVENT_NET	3/21/11 18:08	NA	NA	NA	NA	NA	TARA_20110311Z	TARA_095	net	Tara Oceans
TARA_20110321T1644Z_095_EVENT_NET	3/21/11 16:44	3/21/11 16:55	-31.409	-31.409	-93.946	-93.946	TARA_20110311Z	TARA_095	net	Tara Oceans
TARA_20110321T1301Z_095_EVENT_PUMP	3/21/11 13:01	3/21/11 14:44	-31.442	-31.437	-93.96	-93.957	TARA_20110311Z	TARA_095	pump	Tara Oceans
TARA_20110312T1134Z_093_EVENT_PUMP	3/12/11 11:34	3/12/11 14:45	-34.061	-33.879	-73.107	-73.037	TARA_20110311Z	TARA_093	pump	Tara Oceans
TARA_20110127T1028Z_089_EVENT_NET	1/27/11 10:28	1/27/11 10:40	-57.774	-57.779	-66.97	-66.955	TARA_20101231Z	TARA_089	net	Tara Oceans
TARA_20110127T0934Z_089_EVENT_NET	1/27/11 9:34	1/27/11 9:50	-57.756	-57.761	-67.032	-67.014	TARA_20101231Z	TARA_089	net	Tara Oceans
TARA_20110109T1853Z_086_EVENT_NET	1/9/11 18:53	1/9/11 19:10	-64.337	-64.317	-53.131	-53.104	TARA_20101231Z	TARA_086	net	Tara Oceans
TARA_20110109T1802Z_086_EVENT_NET	1/9/11 18:02	1/9/11 18:18	-64.333	-64.331	-53.073	-53.054	TARA_20101231Z	TARA_086	net	Tara Oceans
TARA_20110109T1413Z_086_EVENT_NET	1/9/11 14:13	1/9/11 14:23	-64.358	-64.357	-53.053	-53.049	TARA_20101231Z	TARA_086	net	Tara Oceans
TARA_20110109T1326Z_086_EVENT_NET	1/9/11 13:26	1/9/11 13:35	-64.337	-64.337	-52.985	-52.984	TARA_20101231Z	TARA_086	net	Tara Oceans
TARA_20101216T1308Z_083_EVENT_NET	12/16/10 13:08	12/16/10 13:15	-54.383	-54.383	-65.051	-65.013	TARA_20101126Z	TARA_083	net	Tara Oceans
TARA_20101202T2142Z_081_EVENT_NET	12/2/10 21:42	12/2/10 21:59	-44.647	-44.652	-52.131	-52.126	TARA_20101126Z	TARA_081	net	Tara Oceans
TARA_20101202T2042Z_081_EVENT_NET	12/2/10 20:42	12/2/10 20:56	-44.624	-44.629	-52.151	-52.147	TARA_20101126Z	TARA_081	net	Tara Oceans
TARA_20101202T1814Z_081_EVENT_NET	12/2/10 18:14	12/2/10 18:27	-44.584	-44.586	-52.195	-52.191	TARA_20101126Z	TARA_081	net	Tara Oceans
TARA_20101202T1522Z_081_EVENT_NET	12/2/10 15:22	12/2/10 15:42	-44.558	-44.562	-52.272	-52.261	TARA_20101126Z	TARA_081	net	Tara Oceans
TARA_20101202T1344Z_081_EVENT_NET	12/2/10 13:44	12/2/10 14:00	-44.545	-44.531	-52.324	-52.531	TARA_20101126Z	TARA_081	net	Tara Oceans
TARA_20101202T1028Z_081_EVENT_PUMP	12/2/10 10:28	12/2/10 11:30	-44.534	-44.539	-52.455	-52.408	TARA_20101126Z	TARA_081	pump	Tara Oceans
TARA_20101129T1938Z_080_Combined-EVENTS_CAST	11/29/10 19:37	11/29/10 22:04	-40.624	-40.685	-51.923	-51.851	TARA_20101126Z	TARA_080	cast	Tara Oceans
TARA_20101129T1906Z_080_EVENT_NET	11/29/10 19:06	11/29/10 19:25	-40.615	-40.62	-51.935	-51.928	TARA_20101126Z	TARA_080	net	Tara Oceans
TARA_20100629T1344Z_058_EVENT_NET	6/29/10 13:44	6/29/10 14:05	-17.307	-17.304	42.285	42.288	TARA_20100624Z	TARA_058	net	Tara Oceans
TARA_20100629T1235Z_058_EVENT_NET	6/29/10 12:35	6/29/10 12:52	-17.34	-17.337	42.282	42.286	TARA_20100624Z	TARA_058	net	Tara Oceans
TARA_20100629T0717Z_058_EVENT_NET	6/29/10 7:17	6/29/10 7:30	-17.496	-17.497	42.217	42.222	TARA_20100624Z	TARA_058	net	Tara Oceans
TARA_20100629T0603Z_058_EVENT_NET	6/29/10 6:03	6/29/10 6:09	-17.526	-17.53	42.207	42.21	TARA_20100624Z	TARA_058	net	Tara Oceans
TARA_20100629T0438Z_058_EVENT_NET	6/29/10 4:38	6/29/10 4:49	-17.57	-17.61	42.277	42.19	TARA_20100624Z	TARA_058	net	Tara Oceans
TARA_20100511T1040Z_051_EVENT_PUMP	5/11/10 10:40	5/11/10 12:30	-21.469	-21.451	54.307	54.276	TARA_20100508Z	TARA_051	pump	Tara Oceans
TARA_20100511T0723Z_051_EVENT_NET	5/11/10 7:23	5/11/10 7:40	-21.459	-21.448	54.304	54.295	TARA_20100508Z	TARA_051	net	Tara Oceans
TARA_20100511T0342Z_051_EVENT_PUMP	5/11/10 3:42	5/11/10 6:40	-21.504	-21.46	54.356	54.305	TARA_20100508Z	TARA_051	pump	Tara Oceans
TARA_20100416T0443Z_047_EVENT_NET	4/16/10 4:43	4/16/10 4:54	-2.046	-2.042	72.157	72.162	TARA_20100410Z	TARA_047	net	Tara Oceans
TARA_20100405T1315Z_043_EVENT_NET	4/5/10 13:15	4/5/10 13:20	4.66	4.661	73.489	73.492	TARA_20100327Z	TARA_043	net	Tara Oceans
TARA_20100405T1002Z_043_EVENT_PUMP	4/5/10 10:02	4/5/10 12:29	4.66	4.66	73.486	73.486	TARA_20100327Z	TARA_043	pump	Tara Oceans
TARA_20100405T0957Z_043_EVENT_NET	4/5/10 9:57	4/5/10 10:37	4.66	4.66	73.486	73.486	TARA_20100327Z	TARA_043	net	Tara Oceans
TARA_20100322T1123Z_040_EVENT_CAST	3/22/10 11:22	3/22/10 11:49	17.485	17.485	68	67.999	TARA_20100309Z	TARA_040	cast	Tara Oceans
TARA_20100120T0801Z_034_EVENT_NET	1/20/10 8:01	1/20/10 8:25	18.4	18.402	39.86	39.865	TARA_20100118Z	TARA_034	net	Tara Oceans
TARA_20091020T1728Z_014_EVENT_NET	10/20/09 17:27	10/20/09 17:46	39.91	39.913	12.827	12.814	TARA_20091019Z	TARA_014	net	Tara Oceans
TARA_20090921T1630Z_006_EVENT_NET	9/21/09 16:30	9/21/09 0:00	36.516	36.51	-3.994	-3.975	TARA_20090919Z	TARA_006	net	Tara Oceans
TARA_20090921T1600Z_006_EVENT_NET	9/21/09 16:00	9/21/09 0:00	36.516	36.51	-3.994	-3.975	TARA_20090919Z	TARA_006	net	Tara Oceans
TARA_20090920T1715Z_005_EVENT_NET	9/20/09 17:15	9/20/09 0:00	36.032	36.047	-4.449	-4.356	TARA_20090919Z	TARA_005	net	Tara Oceans
TARA_20120324T1852Z_153_EVENT_NET	3/24/12 18:52	3/24/12 19:27	44.072	44.078	-16.499	-16.493	TARA_20120314Z	TARA_153	net	Tara Oceans
TARA_20120324T1550Z_153_Combined-EVENTS_CAST	3/24/12 15:49	3/24/12 18:46	44.034	44.071	-16.546	-16.5	TARA_20120314Z	TARA_153	cast	Tara Oceans
TARA_20120324T1150Z_153_EVENT_NET	3/24/12 11:50	3/24/12 12:06	44.074	44.079	-16.547	-16.543	TARA_20120314Z	TARA_153	net	Tara Oceans
TARA_20120324T1034Z_153_EVENT_NET	3/24/12 10:34	3/24/12 10:54	44.085	44.09	-16.564	-16.559	TARA_20120314Z	TARA_153	net	Tara Oceans
TARA_20120324T0813Z_153_EVENT_PUMP	3/24/12 8:13	3/24/12 9:53	44.05	44.077	-16.603	-16.578	TARA_20120314Z	TARA_153	pump	Tara Oceans
TARA_20120320T1503Z_152_EVENT_NET	3/20/12 15:03	3/20/12 15:21	43.742	43.75	-16.9	-16.908	TARA_20120314Z	TARA_152	net	Tara Oceans
TARA_20120320T0851Z_152_Combined-EVENTS_CAST	3/20/12 8:48	3/20/12 13:07	43.706	43.805	-16.879	-16.889	TARA_20120314Z	TARA_152	cast	Tara Oceans
TARA_20120319T1120Z_152_EVENT_NET	3/19/12 11:20	3/19/12 11:36	43.69	43.691	-16.854	-16.857	TARA_20120314Z	TARA_152	net	Tara Oceans
TARA_20120319T0909Z_152_EVENT_NET	3/19/12 9:09	3/19/12 9:28	43.682	43.684	-16.841	-16.844	TARA_20120314Z	TARA_152	net	Tara Oceans
TARA_20120319T0818Z_152_EVENT_PUMP	3/19/12 8:18	3/19/12 11:27	43.679	43.691	-16.834	-16.855	TARA_20120314Z	TARA_152	pump	Tara Oceans
TARA_20120309T1745Z_151_Combined-EVENTS_CAST	3/9/12 17:42	3/9/12 20:52	36.181	36.211	-28.937	-28.799	TARA_20120223Z	TARA_151	cast	Tara Oceans
TARA_20120309T1111Z_151_EVENT_NET	3/9/12 11:11	3/9/12 11:22	36.15	36.148	-28.999	-28.996	TARA_20120223Z	TARA_151	net	Tara Oceans
TARA_20120309T0949Z_151_EVENT_NET	3/9/12 9:49	3/9/12 10:06	36.163	36.159	-29.014	-29.011	TARA_20120223Z	TARA_151	net	Tara Oceans
TARA_20120309T0859Z_151_EVENT_PUMP	3/9/12 8:59	3/9/12 13:03	36.172	36.139	-29.023	-28.96	TARA_20120223Z	TARA_151	pump	Tara Oceans
TARA_20120305T1957Z_150_EVENT_NET	3/5/12 19:57	3/5/12 20:14	35.787	35.78	-37.092	-37.085	TARA_20120223Z	TARA_150	net	Tara Oceans
TARA_20120305T1647Z_150_EVENT_NET	3/5/12 16:47	3/5/12 17:09	35.861	35.853	-37.178	-37.167	TARA_20120223Z	TARA_150	net	Tara Oceans
TARA_20120305T1345Z_150_EVENT_NET	3/5/12 13:45	3/5/12 13:57	35.864	35.861	-37.183	-37.176	TARA_20120223Z	TARA_150	net	Tara Oceans
TARA_20120305T1207Z_150_EVENT_NET	3/5/12 12:07	3/5/12 12:18	35.891	35.889	-37.237	-37.232	TARA_20120223Z	TARA_150	net	Tara Oceans
TARA_20120305T1033Z_150_EVENT_NET	3/5/12 10:33	3/5/12 10:54	35.917	35.911	-37.276	-37.267	TARA_20120223Z	TARA_150	net	Tara Oceans
TARA_20120224T1514Z_148_EVENT_NET	2/24/12 15:14	2/24/12 15:29	31.791	31.8	-64.152	-64.144	TARA_20120223Z	TARA_148	net	Tara Oceans
TARA_20120224T1351Z_148_EVENT_NET	2/24/12 13:51	2/24/12 14:07	31.743	31.752	-64.197	-64.189	TARA_20120223Z	TARA_148	net	Tara Oceans
TARA_20120224T1140Z_148_EVENT_PUMP	2/24/12 11:40	2/24/12 16:26	31.695	31.837	-64.249	-64.109	TARA_20120223Z	TARA_148	pump	Tara Oceans
TARA_20120218T1954Z_147_EVENT_NET	2/18/12 19:54	2/18/12 20:05	33	32.996	-66.566	-66.551	TARA_20120212Z	TARA_147	net	Tara Oceans
TARA_20120218T1910Z_147_EVENT_NET	2/18/12 19:10	2/18/12 19:26	33.01	33.008	-66.547	-66.548	TARA_20120212Z	TARA_147	net	Tara Oceans
TARA_20120218T1422Z_147_EVENT_PUMP	2/18/12 14:22	2/18/12 17:08	33.061	32.971	-66.543	-66.531	TARA_20120212Z	TARA_147	pump	Tara Oceans
TARA_20120215T1608Z_146_EVENT_NET	2/15/12 16:08	2/15/12 16:25	34.794	34.804	-71.223	-71.218	TARA_20120212Z	TARA_146	net	Tara Oceans
TARA_20120215T1515Z_146_EVENT_NET	2/15/12 15:15	2/15/12 15:31	34.763	34.773	-71.242	-71.236	TARA_20120212Z	TARA_146	net	Tara Oceans
TARA_20120202T1544Z_145_EVENT_NET	2/2/12 15:44	2/2/12 16:02	39.194	39.189	-70.05	-70.035	TARA_20120126Z	TARA_145	net	Tara Oceans
TARA_20120202T1348Z_145_EVENT_NET	2/2/12 13:48	2/2/12 14:00	39.221	39.218	-70.032	-70.032	TARA_20120126Z	TARA_145	net	Tara Oceans
TARA_20120202T1152Z_145_EVENT_PUMP	2/2/12 11:52	2/2/12 13:52	39.23	39.217	-70.038	-70.033	TARA_20120126Z	TARA_145	pump	Tara Oceans
TARA_20120130T0239Z_144_EVENT_NET	1/30/12 2:39	1/30/12 2:55	36.345	36.342	-72.759	-72.746	TARA_20120126Z	TARA_144	net	Tara Oceans
TARA_20120129T2001Z_144_EVENT_PUMP	1/29/12 20:01	1/29/12 22:22	36.37	36.355	-72.967	-72.805	TARA_20120126Z	TARA_144	pump	Tara Oceans
TARA_20120116T2052Z_143_EVENT_NET	1/16/12 20:52	1/16/12 21:12	29.825	29.837	-79.683	-79.694	TARA_20111230Z	TARA_143	net	Tara Oceans
TARA_20120116T2024Z_143_EVENT_NET	1/16/12 20:24	1/16/12 20:47	29.81	29.823	-79.668	-79.681	TARA_20111230Z	TARA_143	net	Tara Oceans
TARA_20120116T1944Z_143_EVENT_NET	1/16/12 19:44	1/16/12 20:17	29.79	29.806	-79.644	-79.663	TARA_20111230Z	TARA_143	net	Tara Oceans
TARA_20120116T1922Z_143_EVENT_NET	1/16/12 19:22	1/16/12 19:39	29.781	29.788	-79.63	-79.64	TARA_20111230Z	TARA_143	net	Tara Oceans
TARA_20120116T1425Z_143_EVENT_NET	1/16/12 14:25	1/16/12 14:41	29.672	29.676	-79.593	-79.602	TARA_20111230Z	TARA_143	net	Tara Oceans
TARA_20120109T1852Z_142_EVENT_NET	1/9/12 18:52	1/9/12 19:21	25.577	25.59	-88.431	-88.437	TARA_20111230Z	TARA_142	net	Tara Oceans
TARA_20120109T1504Z_142_EVENT_NET	1/9/12 15:04	1/9/12 15:20	25.559	25.566	-88.413	-88.417	TARA_20111230Z	TARA_142	net	Tara Oceans
TARA_20120109T1341Z_142_EVENT_PUMP	1/9/12 13:41	1/9/12 14:05	25.526	25.542	-88.394	-88.404	TARA_20111230Z	TARA_142	pump	Tara Oceans
TARA_20111215T1525Z_139_EVENT_NET	12/15/11 15:25	12/15/11 15:33	6.481	6.479	-94.97	-94.975	TARA_20111124Z	TARA_139	net	Tara Oceans
TARA_20111215T1416Z_139_EVENT_PUMP	12/15/11 14:16	12/15/11 15:31	6.5	6.479	-94.953	-94.975	TARA_20111124Z	TARA_139	pump	Tara Oceans
TARA_20111211T1627Z_138_EVENT_NET	12/11/11 16:27	12/11/11 16:52	6.336	6.336	-103.04	-103.052	TARA_20111124Z	TARA_138	net	Tara Oceans
TARA_20111210T1625Z_138_EVENT_NET	12/10/11 16:25	12/10/11 16:45	6.32	6.317	-102.96	-102.96	TARA_20111124Z	TARA_138	net	Tara Oceans
TARA_20111210T1506Z_138_EVENT_NET	12/10/11 15:06	12/10/11 15:22	6.331	6.328	-102.953	-102.956	TARA_20111124Z	TARA_138	net	Tara Oceans
TARA_20111202T2302Z_137_EVENT_NET	12/2/11 23:02	12/2/11 0:00	14.196	14.194	-116.729	-116.738	TARA_20111124Z	TARA_137	net	Tara Oceans
TARA_20111202T2237Z_137_EVENT_NET	12/2/11 22:37	12/2/11 22:55	14.199	14.196	-116.716	-116.728	TARA_20111124Z	TARA_137	net	Tara Oceans
TARA_20111202T2042Z_137_EVENT_PUMP	12/2/11 20:42	12/2/11 22:01	14.207	14.202	-116.647	-116.696	TARA_20111124Z	TARA_137	pump	Tara Oceans
TARA_20111202T1723Z_137_EVENT_NET	12/2/11 17:23	12/2/11 17:35	14.185	14.183	-116.684	-116.689	TARA_20111124Z	TARA_137	net	Tara Oceans
TARA_20111202T1636Z_137_EVENT_NET	12/2/11 16:36	12/2/11 16:52	14.193	14.19	-116.647	-116.672	TARA_20111124Z	TARA_137	net	Tara Oceans
TARA_20111202T1412Z_137_EVENT_PUMP	12/2/11 14:12	12/2/11 14:46	14.204	14.202	-116.626	-116.634	TARA_20111124Z	TARA_137	pump	Tara Oceans
TARA_20111130T2240Z_136_EVENT_NET	11/30/11 22:40	11/30/11 22:56	17.015	17.011	-118.917	-118.919	TARA_20111124Z	TARA_136	net	Tara Oceans
TARA_20111130T1915Z_136_EVENT_NET	11/30/11 19:15	11/30/11 19:27	17.055	17.054	-118.901	-118.902	TARA_20111124Z	TARA_136	net	Tara Oceans
TARA_20111130T1620Z_136_EVENT_PUMP	11/30/11 16:20	11/30/11 18:30	17.085	17.061	-118.891	-118.899	TARA_20111124Z	TARA_136	pump	Tara Oceans
TARA_20111024T0137Z_135_EVENT_NET	10/24/11 1:37	10/24/11 1:55	32.99	32.991	-121.846	-121.844	TARA_20110928Z	TARA_135	net	Tara Oceans
TARA_20111024T0034Z_135_EVENT_NET	10/24/11 0:34	10/24/11 0:53	32.991	32.99	-121.852	-121.85	TARA_20110928Z	TARA_135	net	Tara Oceans
TARA_20111024T0015Z_135_EVENT_NET	10/24/11 0:15	10/24/11 0:27	32.992	32.991	-121.854	-121.853	TARA_20110928Z	TARA_135	net	Tara Oceans
TARA_20111023T2041Z_135_EVENT_NET	10/23/11 20:41	10/23/11 20:52	33.001	32.999	-121.87	-121.869	TARA_20110928Z	TARA_135	net	Tara Oceans
TARA_20111023T1615Z_135_EVENT_NET	10/23/11 16:15	10/23/11 16:30	33.008	33.009	-121.758	-121.755	TARA_20110928Z	TARA_135	net	Tara Oceans
TARA_20111005T0027Z_132_EVENT_NET	10/5/11 0:27	10/5/11 0:53	31.524	31.519	-159.035	-159.043	TARA_20110928Z	TARA_132	net	Tara Oceans
TARA_20111004T2128Z_132_EVENT_NET	10/4/11 21:28	10/4/11 21:43	31.49	31.488	-159.067	-159.073	TARA_20110928Z	TARA_132	net	Tara Oceans
TARA_20111004T1746Z_132_EVENT_PUMP	10/4/11 17:46	10/4/11 21:03	31.521	31.493	-158.996	-159.061	TARA_20110928Z	TARA_132	pump	Tara Oceans
TARA_20110930T0333Z_131_EVENT_NET	9/30/11 3:33	9/30/11 3:45	22.709	22.703	-158.025	-158.034	TARA_20110928Z	TARA_131	net	Tara Oceans
TARA_20110930T0056Z_131_EVENT_NET	9/30/11 0:56	9/30/11 1:10	22.751	22.76	-157.963	-157.973	TARA_20110928Z	TARA_131	net	Tara Oceans
TARA_20110905T1840Z_128_EVENT_PUMP	9/5/11 18:40	9/5/11 19:55	0.022	0.033	-153.686	-153.705	TARA_20110826Z	TARA_128	pump	Tara Oceans
TARA_20110904T1800Z_128_EVENT_PUMP	9/4/11 18:00	9/4/11 19:36	0	0.009	-153.676	-153.714	TARA_20110826Z	TARA_128	pump	Tara Oceans
TARA_20110522T2050Z_110_EVENT_NET	5/22/11 20:50	5/22/11 21:15	-1.815	-1.794	-84.629	-84.632	TARA_20110520Z	TARA_110	net	Tara Oceans
TARA_20110521T1432Z_110_EVENT_NET	5/21/11 14:32	5/21/11 14:45	-1.978	-1.967	-84.599	-84.6	TARA_20110520Z	TARA_110	net	Tara Oceans
TARA_20110312T1900Z_093_EVENT_NET	3/12/11 19:00	3/12/11 19:13	-33.948	-33.937	-73.064	-73.061	TARA_20110311Z	TARA_093	net	Tara Oceans
TARA_20110312T1722Z_093_EVENT_NET	3/12/11 17:22	3/12/11 17:33	-34.037	-34.025	-73.09	-73.088	TARA_20110311Z	TARA_093	net	Tara Oceans
TARA_20110226T1440Z_092_EVENT_NET	2/26/11 14:40	2/26/11 14:57	-33.674	-33.673	-71.964	-71.962	TARA_20110220Z	TARA_092	net	Tara Oceans
TARA_20110226T1408Z_092_EVENT_NET	2/26/11 14:08	2/26/11 14:14	-33.677	-33.677	-71.972	-71.97	TARA_20110220Z	TARA_092	net	Tara Oceans
TARA_20110226T1230Z_092_EVENT_NET	2/26/11 12:30	2/26/11 12:45	-33.688	-33.687	-71.99	-71.986	TARA_20110220Z	TARA_092	net	Tara Oceans
TARA_20110226T1201Z_092_EVENT_PUMP	2/26/11 12:01	2/26/11 15:30	-33.69	-33.67	-71.998	-71.954	TARA_20110220Z	TARA_092	pump	Tara Oceans
TARA_20101129T1809Z_080_EVENT_NET	11/29/10 18:09	11/29/10 18:32	-40.608	-40.609	-51.956	-51.947	TARA_20101126Z	TARA_080	net	Tara Oceans
TARA_20101129T1430Z_080_EVENT_NET	11/29/10 14:30	11/29/10 14:36	-40.63	-40.629	-52.05	-52.048	TARA_20101126Z	TARA_080	net	Tara Oceans
TARA_20101129T1204Z_080_EVENT_NET	11/29/10 12:04	11/29/10 12:17	-40.649	-40.647	-52.151	-52.142	TARA_20101126Z	TARA_080	net	Tara Oceans
TARA_20101129T1121Z_080_EVENT_PUMP	11/29/10 11:21	11/29/10 12:00	-40.651	-40.649	-52.182	-52.155	TARA_20101126Z	TARA_080	pump	Tara Oceans
TARA_20100322T0930Z_040_EVENT_CAST	3/22/10 9:29	3/22/10 9:56	17.481	17.482	67.995	67.894	TARA_20100309Z	TARA_040	cast	Tara Oceans
TARA_20100322T0305Z_040_EVENT_CAST	3/22/10 3:04	3/22/10 4:19	17.529	17.501	67.958	67.966	TARA_20100309Z	TARA_040	cast	Tara Oceans
TARA_20120309T1705Z_151_EVENT_NET	3/9/12 17:05	3/9/12 17:30	36.176	36.178	-28.969	-28.952	TARA_20120223Z	TARA_151	net	Tara Oceans
TARA_20120309T1617Z_151_EVENT_NET	3/9/12 16:17	3/9/12 16:55	36.174	36.176	-29.003	-28.973	TARA_20120223Z	TARA_151	net	Tara Oceans
TARA_20120309T1242Z_151_EVENT_NET	3/9/12 12:42	3/9/12 12:58	36.14	36.139	-28.969	-28.962	TARA_20120223Z	TARA_151	net	Tara Oceans
TARA_20120305T1610Z_150_EVENT_NET	3/5/12 16:10	3/5/12 16:33	35.878	35.867	-37.197	-37.186	TARA_20120223Z	TARA_150	net	Tara Oceans
TARA_20120305T0925Z_150_EVENT_PUMP	3/5/12 9:25	3/5/12 14:02	35.935	35.859	-37.303	-37.173	TARA_20120223Z	TARA_150	pump	Tara Oceans
TARA_20120301T1459Z_149_EVENT_NET	3/1/12 14:59	3/1/12 15:18	34.053	34.049	-49.836	-49.831	TARA_20120223Z	TARA_149	net	Tara Oceans
TARA_20120301T1422Z_149_EVENT_NET	3/1/12 14:22	3/1/12 14:37	34.064	34.06	-49.844	-49.837	TARA_20120223Z	TARA_149	net	Tara Oceans
TARA_20120301T1301Z_149_EVENT_NET	3/1/12 13:01	3/1/12 13:20	34.082	34.094	-49.87	-49.859	TARA_20120223Z	TARA_149	net	Tara Oceans
TARA_20120224T1543Z_148_EVENT_NET	2/24/12 15:43	2/24/12 16:06	31.81	31.825	-64.135	-64.121	TARA_20120223Z	TARA_148	net	Tara Oceans
TARA_20120215T1649Z_146_EVENT_NET	2/15/12 16:49	2/15/12 17:09	34.822	34.836	-71.21	-71.203	TARA_20120212Z	TARA_146	net	Tara Oceans
TARA_20120202T1446Z_145_EVENT_NET	2/2/12 14:46	2/2/12 15:03	39.208	39.203	-70.034	-70.034	TARA_20120126Z	TARA_145	net	Tara Oceans
TARA_20120130T0010Z_144_EVENT_NET	1/30/12 0:10	1/30/12 0:29	36.339	36.337	-72.737	-72.734	TARA_20120126Z	TARA_144	net	Tara Oceans
TARA_20120109T1926Z_142_EVENT_NET	1/9/12 19:26	1/9/12 20:09	25.592	25.612	-88.439	-88.45	TARA_20111230Z	TARA_142	net	Tara Oceans
TARA_20120109T1613Z_142_EVENT_NET	1/9/12 16:13	1/9/12 16:30	25.588	25.595	-88.427	-88.432	TARA_20111230Z	TARA_142	net	Tara Oceans
TARA_20111211T1739Z_138_EVENT_NET	12/11/11 17:39	12/11/11 18:06	6.336	6.337	-103.075	-103.084	TARA_20111124Z	TARA_138	net	Tara Oceans
TARA_20111202T2210Z_137_EVENT_NET	12/2/11 22:10	12/2/11 22:25	14.2	14.199	-116.703	-116.713	TARA_20111124Z	TARA_137	net	Tara Oceans
TARA_20111202T1511Z_137_EVENT_NET	12/2/11 15:11	12/2/11 15:28	14.2	14.198	-116.64	-116.646	TARA_20111124Z	TARA_137	net	Tara Oceans
TARA_20111130T1716Z_136_EVENT_NET	11/30/11 17:16	11/30/11 17:35	17.077	17.072	-118.896	-118.897	TARA_20111124Z	TARA_136	net	Tara Oceans
TARA_20111024T1707Z_135_Combined-EVENTS_CAST	10/24/11 1:01	10/24/11 22:14	33.034	33.022	-121.878	-121.928	TARA_20110928Z	TARA_135	cast	Tara Oceans
TARA_20111023T2122Z_135_EVENT_PUMP	10/23/11 21:22	10/23/11 23:52	32.931	32.992	-121.865	-121.856	TARA_20110928Z	TARA_135	pump	Tara Oceans
TARA_20111023T1803Z_135_EVENT_NET	10/23/11 18:03	10/23/11 18:13	33.02	33.022	-121.741	-121.738	TARA_20110928Z	TARA_135	net	Tara Oceans
TARA_20111023T1424Z_135_EVENT_PUMP	10/23/11 14:24	10/23/11 18:22	32.999	33.023	-121.77	-121.736	TARA_20110928Z	TARA_135	pump	Tara Oceans
TARA_20111005T0412Z_132_EVENT_NET	10/5/11 4:12	10/5/11 4:39	31.471	31.468	-159.101	-159.109	TARA_20110928Z	TARA_132	net	Tara Oceans
TARA_20111005T0101Z_132_Combined-EVENTS_CAST	10/5/11 0:59	10/5/11 3:29	31.517	31.481	-159.046	-159.088	TARA_20110928Z	TARA_132	cast	Tara Oceans
TARA_20111004T2149Z_132_EVENT_NET	10/4/11 21:49	10/4/11 22:05	31.487	31.484	-159.075	-159.081	TARA_20110928Z	TARA_132	net	Tara Oceans
TARA_20111004T2012Z_132_EVENT_NET	10/4/11 20:12	10/4/11 20:27	31.502	31.5	-159.039	-159.046	TARA_20110928Z	TARA_132	net	Tara Oceans
TARA_20110930T2211Z_131_EVENT_NET	9/30/11 22:11	9/30/11 22:44	22.728	22.718	-158.091	-158.109	TARA_20110928Z	TARA_131	net	Tara Oceans
TARA_20110930T2137Z_131_EVENT_NET	9/30/11 21:37	9/30/11 22:04	22.738	22.73	-158.071	-158.087	TARA_20110928Z	TARA_131	net	Tara Oceans
TARA_20110930T2058Z_131_EVENT_NET	9/30/11 20:58	9/30/11 21:20	22.748	22.743	-158.051	-158.063	TARA_20110928Z	TARA_131	net	Tara Oceans
TARA_20110930T1738Z_131_Combined-EVENTS_CAST	9/30/11 17:37	9/30/11 20:10	22.79	22.77	-157.944	-157.993	TARA_20110928Z	TARA_131	cast	Tara Oceans
TARA_20110930T0225Z_131_EVENT_NET	9/30/11 2:25	9/30/11 2:40	22.727	22.721	-157.995	-158.005	TARA_20110928Z	TARA_131	net	Tara Oceans
TARA_20110929T1923Z_131_EVENT_PUMP	9/29/11 19:23	9/29/11 22:34	22.76	22.731	-157.957	-158.049	TARA_20110928Z	TARA_131	pump	Tara Oceans
TARA_20110905T1707Z_128_EVENT_NET	9/5/11 17:07	9/5/11 17:37	0.001	0.005	-153.639	-153.652	TARA_20110826Z	TARA_128	net	Tara Oceans
TARA_20110905T1638Z_128_EVENT_NET	9/5/11 16:38	9/5/11 16:56	0.008	0.004	-153.626	-153.635	TARA_20110826Z	TARA_128	net	Tara Oceans
TARA_20110905T0300Z_128_EVENT_NET	9/5/11 3:00	9/5/11 3:20	0.04	0.043	-153.807	-153.82	TARA_20110826Z	TARA_128	net	Tara Oceans
TARA_20110905T0229Z_128_EVENT_NET	9/5/11 2:29	9/5/11 2:48	0.035	0.038	-153.786	-153.798	TARA_20110826Z	TARA_128	net	Tara Oceans
TARA_20110905T0007Z_128_EVENT_NET	9/5/11 0:07	9/5/11 0:24	0.008	0.012	-153.702	-153.713	TARA_20110826Z	TARA_128	net	Tara Oceans
TARA_20110904T2050Z_128_EVENT_NET	9/4/11 20:50	9/4/11 21:08	0.019	0.02	-153.749	-153.759	TARA_20110826Z	TARA_128	net	Tara Oceans
TARA_20110521T1607Z_110_EVENT_NET	5/21/11 16:07	5/21/11 16:15	-1.939	-1.934	-84.611	-84.612	TARA_20110520Z	TARA_110	net	Tara Oceans
TARA_20110521T1227Z_110_EVENT_PUMP	5/21/11 12:27	5/21/11 18:06	-2.013	-1.972	-84.589	-84.601	TARA_20110520Z	TARA_110	pump	Tara Oceans
TARA_20110416T1306Z_100_Combined-EVENTS_CAST	4/16/11 13:03	4/16/11 19:52	-12.979	-12.906	-96.023	-96.155	TARA_20110401Z	TARA_100	cast	Tara Oceans
TARA_20101216T1158Z_083_EVENT_PUMP	12/16/10 11:58	12/16/10 13:07	-54.374	-54.379	-65.134	-65.021	TARA_20101126Z	TARA_083	pump	Tara Oceans
TARA_20100511T0945Z_051_EVENT_NET	5/11/10 9:45	5/11/10 9:57	-21.484	-21.48	54.331	54.326	TARA_20100508Z	TARA_051	net	Tara Oceans
TARA_20100511T0555Z_051_EVENT_NET	5/11/10 5:55	5/11/10 6:07	-21.475	-21.476	54.324	54.324	TARA_20100508Z	TARA_051	net	Tara Oceans
TARA_20100511T0405Z_051_EVENT_NET	5/11/10 4:05	5/11/10 4:29	-21.499	-21.497	54.349	54.345	TARA_20100508Z	TARA_051	net	Tara Oceans
TARA_20100416T0504Z_047_EVENT_NET	4/16/10 5:04	4/16/10 5:19	-2.041	-2.04	72.165	72.167	TARA_20100410Z	TARA_047	net	Tara Oceans
TARA_20100416T0444Z_047_EVENT_CAST	4/16/10 4:43	4/16/10 5:26	-2.046	-2.039	72.157	72.169	TARA_20100410Z	TARA_047	cast	Tara Oceans
TARA_20100415T0604Z_046_EVENT_NET	4/15/10 6:04	4/15/10 6:20	-0.662	-0.667	73.163	73.163	TARA_20100410Z	TARA_046	net	Tara Oceans
TARA_20100415T0215Z_046_EVENT_NET	4/15/10 2:15	4/15/10 2:49	-0.662	-0.662	73.161	73.161	TARA_20100410Z	TARA_046	net	Tara Oceans
TARA_20100415T0201Z_046_EVENT_PUMP	4/15/10 2:01	4/15/10 5:28	-0.662	-0.662	73.161	73.161	TARA_20100410Z	TARA_046	pump	Tara Oceans
TARA_20100322T0710Z_040_EVENT_CAST	3/22/10 7:07	3/22/10 7:33	17.483	17.485	67.987	67.986	TARA_20100309Z	TARA_040	cast	Tara Oceans
TARA_20091116T1953Z_022_EVENT_NET	11/16/09 19:53	11/16/09 20:10	39.831	39.835	17.395	17.393	TARA_20091111Z	TARA_022	net	Tara Oceans
TARA_20120129T2246Z_144_EVENT_NET	1/29/12 22:46	1/29/12 23:04	36.349	36.346	-72.79	-72.779	TARA_20120126Z	TARA_144	net	Tara Oceans
TARA_20120116T1649Z_143_EVENT_NET	1/16/12 16:49	1/16/12 16:59	29.719	29.727	-79.664	-79.671	TARA_20111230Z	TARA_143	net	Tara Oceans
TARA_20120109T2019Z_142_Combined-EVENTS_CAST	1/9/12 20:17	1/9/12 23:33	25.617	25.711	-88.453	-88.492	TARA_20111230Z	TARA_142	cast	Tara Oceans
TARA_20111210T1934Z_138_EVENT_NET	12/10/11 19:34	12/10/11 19:50	6.33	6.326	-102.946	-102.945	TARA_20111124Z	TARA_138	net	Tara Oceans
TARA_20110312T1937Z_093_Combined-EVENTS_CAST	3/12/11 19:36	3/12/11 20:57	-33.912	-33.832	-73.054	-73.037	TARA_20110311Z	TARA_093	cast	Tara Oceans
TARA_20100322T1313Z_040_EVENT_CAST	3/22/10 13:11	3/22/10 13:43	17.483	17.484	68.003	68.002	TARA_20100309Z	TARA_040	cast	Tara Oceans
TARA_20090928T1659Z_009_EVENT_PUMP	9/28/09 16:59	9/28/09 19:36	39.061	39.086	5.942	5.822	TARA_20090926Z	TARA_009	pump	Tara Oceans
TARA_20120117T1507Z_143_Combined-EVENTS_CAST	1/17/12 15:05	1/17/12 20:29	29.856	29.903	-79.649	-79.639	TARA_20111230Z	TARA_143	cast	Tara Oceans
TARA_20110727T1932Z_122_Combined-EVENTS_CAST	7/27/11 19:28	7/28/11 3:26	-8.973	-8.978	-139.239	-139.243	TARA_20110726Z	TARA_122	cast	Tara Oceans
TARA_20110601T1603Z_111_Combined-EVENTS_CAST	6/1/11 16:00	6/1/11 21:46	-16.949	-16.973	-100.671	-100.663	TARA_20110520Z	TARA_111	cast	Tara Oceans
TARA_20100313T0507Z_037_Combined-EVENTS_CAST	3/12/10 17:08	3/13/10 14:25	20.846	20.819	63.585	63.616	TARA_20100309Z	TARA_037	cast	Tara Oceans
TARA_20120319T1502Z_152_Combined-EVENTS_CAST	3/19/12 14:59	3/19/12 18:18	43.718	43.765	-16.871	-16.893	TARA_20120314Z	TARA_152	cast	Tara Oceans
TARA_20120305T1734Z_150_EVENT_PUMP	3/5/12 17:34	3/5/12 19:39	35.843	35.796	-37.153	-37.1	TARA_20120223Z	TARA_150	pump	Tara Oceans
TARA_20120301T1853Z_149_Combined-EVENTS_CAST	3/1/12 18:50	3/1/12 22:40	34.077	34.155	-49.823	-49.694	TARA_20120223Z	TARA_149	cast	Tara Oceans
TARA_20120301T1048Z_149_EVENT_PUMP	3/1/12 10:48	3/1/12 15:17	34.113	34.049	-49.918	-49.831	TARA_20120223Z	TARA_149	pump	Tara Oceans
TARA_20120227T1532Z_148b_Combined-EVENTS_CAST	2/27/12 15:28	2/27/12 21:34	34.15	33.904	-56.968	-56.783	TARA_20120223Z	TARA_148b	cast	Tara Oceans
TARA_20120216T1208Z_146_Combined-EVENTS_CAST	2/16/12 12:01	2/16/12 18:22	34.666	34.605	-71.291	-71.232	TARA_20120212Z	TARA_146	cast	Tara Oceans
TARA_20120215T1254Z_146_EVENT_PUMP	2/15/12 12:54	2/15/12 17:07	34.671	34.834	-71.309	-71.204	TARA_20120212Z	TARA_146	pump	Tara Oceans
TARA_20120202T1839Z_145_Combined-EVENTS_CAST	2/2/12 18:36	2/4/12 3:25	39.239	39.087	-70.034	-70.011	TARA_20120126Z	TARA_145	cast	Tara Oceans
TARA_20120130T2219Z_144_Combined-EVENTS_CAST	1/30/12 22:16	1/31/12 3:41	36.412	36.347	-72.929	-72.708	TARA_20120126Z	TARA_144	cast	Tara Oceans
TARA_20120116T2135Z_143_EVENT_PUMP	1/16/12 21:35	1/16/12 22:47	29.851	29.898	-79.706	-79.732	TARA_20111230Z	TARA_143	pump	Tara Oceans
TARA_20120116T1230Z_143_EVENT_PUMP	1/16/12 12:30	1/16/12 17:19	29.639	29.735	-79.54	-79.679	TARA_20111230Z	TARA_143	pump	Tara Oceans
TARA_20120110T1451Z_142_Combined-EVENTS_CAST	1/10/12 14:49	1/10/12 20:15	25.624	25.64	-88.45	-88.409	TARA_20111230Z	TARA_142	cast	Tara Oceans
TARA_20111211T2040Z_138_Combined-EVENTS_CAST	12/11/11 20:37	12/12/11 1:53	6.356	6.393	-103.06	-103.069	TARA_20111124Z	TARA_138	cast	Tara Oceans
TARA_20111211T1332Z_138_Combined-EVENTS_CAST	12/11/11 13:27	12/11/11 16:15	6.338	6.335	-102.954	-103.034	TARA_20111124Z	TARA_138	cast	Tara Oceans
TARA_20111210T1408Z_138_EVENT_PUMP	12/10/11 14:08	12/10/11 14:50	6.333	6.332	-102.943	-102.948	TARA_20111124Z	TARA_138	pump	Tara Oceans
TARA_20111203T1433Z_137_Combined-EVENTS_CAST	12/3/11 14:31	12/3/11 18:48	14.203	14.147	-116.643	-116.682	TARA_20111124Z	TARA_137	cast	Tara Oceans
TARA_20111005T2047Z_132_Combined-EVENTS_CAST	NA	NA	NA	NA	NA	NA	NA	NA	cast	Tara Oceans
TARA_20111001T0101Z_131_Combined-EVENTS_CAST	10/1/11 0:58	10/1/11 6:26	22.755	22.722	-158.007	-158.05	TARA_20110928Z	TARA_131	cast	Tara Oceans
TARA_20110913T1736Z_130_EVENT_PUMP	9/13/11 17:36	9/13/11 21:33	11.272	11.24	-152.371	-152.493	TARA_20110826Z	TARA_130	pump	Tara Oceans
TARA_20110911T1652Z_129_Combined-EVENTS_CAST	9/11/11 16:50	9/11/11 22:32	6.611	6.677	-153.054	-153.111	TARA_20110826Z	TARA_129	cast	Tara Oceans
TARA_20110619T1712Z_113_EVENT_PUMP	6/19/11 17:12	6/19/11 19:00	-23.111	-23.111	-134.933	-134.933	TARA_20110520Z	TARA_113	pump	Tara Oceans
TARA_20110615T1845Z_112_Combined-EVENTS_CAST	6/15/11 18:43	6/16/11 2:45	-23.223	-23.172	-129.599	-129.671	TARA_20110520Z	TARA_112	cast	Tara Oceans
TARA_20110615T0059Z_112_Combined-EVENTS_CAST	6/15/11 0:55	6/15/11 4:50	-23.219	-23.157	-129.5	-129.594	TARA_20110520Z	TARA_112	cast	Tara Oceans
TARA_20110522T1320Z_110_Combined-EVENTS_CAST	5/22/11 13:20	5/22/11 20:46	-1.89	-1.819	-84.614	-84.628	TARA_20110520Z	TARA_110	cast	Tara Oceans
TARA_20110513T1617Z_109_Combined-EVENTS_CAST	5/13/11 16:08	5/13/11 23:08	2.065	2.101	-84.555	-84.511	TARA_20110509Z	TARA_109	cast	Tara Oceans
TARA_20110504T1250Z_106_Combined-EVENTS_CAST	5/4/11 12:45	5/4/11 19:48	0.006	0.073	-84.585	-84.6	TARA_20110501Z	TARA_106	cast	Tara Oceans
TARA_20110503T1227Z_106_EVENT_PUMP	5/3/11 12:27	5/3/11 16:05	-0.028	0.042	-84.586	-84.617	TARA_20110501Z	TARA_106	pump	Tara Oceans
TARA_20110422T1210Z_102_Combined-EVENTS_CAST	4/22/11 12:08	4/22/11 17:13	-5.261	-5.277	-85.168	-85.299	TARA_20110401Z	TARA_102	cast	Tara Oceans
TARA_20110404T1359Z_098_Combined-EVENTS_CAST	4/4/11 13:55	4/4/11 22:34	-25.808	-25.834	-111.691	-111.808	TARA_20110401Z	TARA_098	cast	Tara Oceans
TARA_20110328T2227Z_097_Combined-EVENTS_CAST	3/28/11 22:23	3/29/11 4:22	-28.187	-28.22	-107.638	-107.902	TARA_20110311Z	TARA_097	cast	Tara Oceans
TARA_20110328T1259Z_097_Combined-EVENTS_CAST	3/28/11 12:55	3/28/11 21:18	-28.176	-28.18	-107.402	-107.586	TARA_20110311Z	TARA_097	cast	Tara Oceans
TARA_20110327T1347Z_097_EVENT_PUMP	3/27/11 13:47	3/27/11 15:20	-28.17	-28.148	-107.383	-107.454	TARA_20110311Z	TARA_097	pump	Tara Oceans
TARA_20110324T1300Z_096_EVENT_PUMP	3/24/11 13:00	3/24/11 15:25	-29.724	-29.675	-101.16	-101.214	TARA_20110311Z	TARA_096	pump	Tara Oceans
TARA_20110127T0827Z_089_EVENT_PUMP	1/27/11 8:27	1/27/11 11:06	-57.734	-57.791	-67.108	-66.924	TARA_20101231Z	TARA_089	pump	Tara Oceans
TARA_20110109T1925Z_086_EVENT_PUMP	1/9/11 19:25	1/9/11 21:20	-64.318	-64.235	-53.108	-53.039	TARA_20101231Z	TARA_086	pump	Tara Oceans
TARA_20110109T1054Z_086_EVENT_PUMP	1/9/11 10:54	1/9/11 15:42	-64.359	-64.345	-53.006	-53.023	TARA_20101231Z	TARA_086	pump	Tara Oceans
TARA_20101202T1852Z_081_EVENT_PUMP	12/2/10 18:52	12/2/10 21:26	-44.591	-44.64	-52.18	-52.138	TARA_20101126Z	TARA_081	pump	Tara Oceans
TARA_20100629T1500Z_058_EVENT_PUMP	6/29/10 15:00	6/29/10 17:00	-17.285	-17.566	42.287	42.199	TARA_20100624Z	TARA_058	pump	Tara Oceans
TARA_20100629T0412Z_058_EVENT_PUMP	6/29/10 4:12	6/29/10 7:12	-17.587	-17.499	42.189	42.216	TARA_20100624Z	TARA_058	pump	Tara Oceans
TARA_20100320T0817Z_039_Combined-EVENTS_CAST	3/20/10 8:15	3/20/10 16:00	18.734	18.735	66.39	66.389	TARA_20100309Z	TARA_039	cast	Tara Oceans
TARA_20100318T1133Z_039_EVENT_PUMP	3/18/10 11:33	3/18/10 12:32	18.584	18.568	66.473	66.458	TARA_20100309Z	TARA_039	pump	Tara Oceans
TARA_20100318T0956Z_039_EVENT_CONTROL	3/18/10 9:40	NA	18.575	NA	66.49	NA	TARA_20100309Z	TARA_039	control	Tara Oceans
TARA_20100316T0614Z_038_Combined-EVENTS_CAST	3/16/10 6:13	3/16/10 13:54	19.035	18.992	64.564	64.576	TARA_20100309Z	TARA_038	cast	Tara Oceans
TARA_20090921T1659Z_006_EVENT_PUMP	9/21/09 16:59	9/21/09 17:59	36.51	36.506	-3.975	-3.955	TARA_20090919Z	TARA_006	pump	Tara Oceans
TARA_20090921T1200Z_006_EVENT_PUMP	9/21/09 12:00	9/21/09 14:45	36.523	36.522	-4.002	-4.008	TARA_20090919Z	TARA_006	pump	Tara Oceans
TARA_20090920T1754Z_005_EVENT_PUMP	9/20/09 17:54	9/20/09 18:49	36.047	36.05	-4.356	-4.293	TARA_20090919Z	TARA_005	pump	Tara Oceans
TARA_20090920T1045Z_005_EVENT_PUMP	9/20/09 10:45	9/20/09 15:30	36.009	36.017	-4.518	-4.505	TARA_20090919Z	TARA_005	pump	Tara Oceans
TARA_20100416T0442Z_047_EVENT_PUMP	4/16/10 4:42	4/16/10 5:32	-2.046	-2.037	72.157	72.171	TARA_20100410Z	TARA_047	pump	Tara Oceans
TARA_20100318T0427Z_039_EVENT_PUMP	3/18/10 4:27	3/18/10 8:32	18.592	18.571	66.622	66.502	TARA_20100309Z	TARA_039	pump	Tara Oceans
TARA_20110107T1041Z_085_Combined-EVENTS_CAST	1/7/11 10:39	1/7/11 12:55	-61.969	-61.99	-49.502	-49.361	TARA_20101231Z	TARA_085	cast	Tara Oceans
TARA_20110106T1825Z_085_EVENT_NET	1/6/11 18:25	1/6/11 18:48	-62.202	-62.209	-49.238	-49.228	TARA_20101231Z	TARA_085	net	Tara Oceans
TARA_20110106T1529Z_085_EVENT_NET	1/6/11 15:29	1/6/11 15:44	-62.14	-62.145	-49.327	-49.318	TARA_20101231Z	TARA_085	net	Tara Oceans
TARA_20101206T1858Z_082_EVENT_PUMP	12/6/10 18:58	12/6/10 22:11	-47.201	-47.121	-57.945	-57.827	TARA_20101126Z	TARA_082	pump	Tara Oceans
TARA_20101105T1235Z_078_Combined-EVENTS_CAST	11/5/10 12:33	11/5/10 20:39	-30.147	-30.346	-43.291	-43.292	TARA_20101031Z	TARA_078	cast	Tara Oceans
TARA_20101017T0905Z_076_Combined-EVENTS_CAST	10/17/10 9:05	10/17/10 13:37	-20.931	-20.972	-35.179	-35.274	TARA_20101003Z	TARA_076	cast	Tara Oceans
TARA_20101006T0759Z_072_Combined-EVENTS_CAST	10/6/10 7:58	10/6/10 12:45	-8.799	-8.789	-17.903	-17.914	TARA_20101003Z	TARA_072	cast	Tara Oceans
TARA_20100922T0637Z_070_Combined-EVENTS_CAST	9/21/10 11:57	9/22/10 13:16	-20.407	-20.336	-3.164	-3.266	TARA_20100905Z	TARA_070	cast	Tara Oceans
TARA_20100914T1330Z_068_EVENT_PUMP	9/14/10 13:30	9/14/10 15:07	-31.027	-31.014	4.68	4.693	TARA_20100905Z	TARA_068	pump	Tara Oceans
TARA_20100913T1303Z_068_Combined-EVENTS_CAST	9/13/10 13:02	9/13/10 17:43	-31.02	-31.056	4.668	4.661	TARA_20100905Z	TARA_068	cast	Tara Oceans
TARA_20100712T0650Z_065_Combined-EVENTS_CAST	7/12/10 6:46	7/12/10 15:24	-35.189	-35.279	26.291	26.382	TARA_20100624Z	TARA_065	cast	Tara Oceans
TARA_20100707T1217Z_064_Combined-EVENTS_CAST	7/7/10 12:13	7/7/10 15:40	-29.505	-29.508	37.96	37.92	TARA_20100624Z	TARA_064	cast	Tara Oceans
TARA_20091116T0937Z_022_EVENT_NET	11/16/09 9:37	11/16/09 9:54	39.861	39.859	17.41	17.409	TARA_20091111Z	TARA_022	net	Tara Oceans
TARA_20110809T1708Z_125_Combined-EVENTS_CAST	8/9/11 17:05	8/9/11 21:37	-8.9	-8.91	-142.546	-142.577	TARA_20110726Z	TARA_125	cast	Tara Oceans
TARA_20110808T2343Z_125_EVENT_NET	8/8/11 23:43	8/9/11 0:00	-8.912	-8.909	-142.56	-142.571	TARA_20110726Z	TARA_125	net	Tara Oceans
TARA_20110808T2150Z_125_EVENT_NET	8/8/11 21:50	8/8/11 22:08	-8.894	-8.891	-142.631	-142.644	TARA_20110726Z	TARA_125	net	Tara Oceans
TARA_20110808T2016Z_125_EVENT_NET	8/8/11 20:16	8/8/11 20:35	-8.892	-8.89	-142.636	-142.649	TARA_20110726Z	TARA_125	net	Tara Oceans
TARA_20110808T1733Z_125_EVENT_PUMP	8/8/11 17:33	8/8/11 19:54	-8.911	-8.895	-142.557	-142.623	TARA_20110726Z	TARA_125	pump	Tara Oceans
TARA_20110805T1733Z_124_Combined-EVENTS_CAST	8/5/11 17:31	8/5/11 22:18	-9.071	-9.067	-140.597	-140.635	TARA_20110726Z	TARA_124	cast	Tara Oceans
TARA_20110805T0113Z_124_EVENT_NET	8/5/11 1:13	8/5/11 1:37	-9.146	-9.143	-140.515	-140.532	TARA_20110726Z	TARA_124	net	Tara Oceans
TARA_20110804T2127Z_124_EVENT_NET	8/4/11 21:27	8/4/11 21:48	-9.151	-9.152	-140.497	-140.516	TARA_20110726Z	TARA_124	net	Tara Oceans
TARA_20110804T1833Z_124_EVENT_PUMP	8/4/11 18:33	8/4/11 22:00	-9.15	-9.155	-140.522	-140.528	TARA_20110726Z	TARA_124	pump	Tara Oceans
TARA_20110801T1755Z_123_Combined-EVENTS_CAST	8/1/11 17:52	8/2/11 0:37	-8.911	-8.896	-140.285	-140.286	TARA_20110726Z	TARA_123	cast	Tara Oceans
TARA_20110731T2307Z_123_EVENT_NET	7/31/11 23:07	7/31/11 23:20	-8.906	-8.899	-140.279	-140.286	TARA_20110726Z	TARA_123	net	Tara Oceans
TARA_20110731T2041Z_123_EVENT_NET	7/31/11 20:41	7/31/11 20:57	-8.893	-8.886	-140.288	-140.294	TARA_20110726Z	TARA_123	net	Tara Oceans
TARA_20110731T1916Z_123_EVENT_NET	7/31/11 19:16	7/31/11 19:26	-8.898	-8.897	-140.309	-140.313	TARA_20110726Z	TARA_123	net	Tara Oceans
TARA_20110731T1720Z_123_EVENT_PUMP	7/31/11 17:20	7/31/11 19:33	-8.907	-8.895	-140.283	-140.317	TARA_20110726Z	TARA_123	pump	Tara Oceans
TARA_20110728T2305Z_122_EVENT_NET	7/28/11 23:05	7/28/11 23:46	-8.954	-8.944	-139.26	-139.286	TARA_20110726Z	TARA_122	net	Tara Oceans
TARA_20110728T2142Z_122_EVENT_NET	7/28/11 21:42	7/28/11 22:25	-8.975	-8.965	-139.209	-139.234	TARA_20110726Z	TARA_122	net	Tara Oceans
TARA_20110728T2028Z_122_EVENT_NET	7/28/11 20:28	7/28/11 20:57	-8.957	-8.95	-139.242	-139.256	TARA_20110726Z	TARA_122	net	Tara Oceans
TARA_20110728T1718Z_122_Combined-EVENTS_CAST	7/28/11 17:15	7/28/11 20:03	-9.006	-8.963	-139.139	-139.228	TARA_20110726Z	TARA_122	cast	Tara Oceans
TARA_20110727T0127Z_122_EVENT_NET	7/27/11 1:27	7/27/11 1:45	-8.996	-8.995	-139.281	-139.293	TARA_20110726Z	TARA_122	net	Tara Oceans
TARA_20110726T2330Z_122_EVENT_NET	7/26/11 23:30	7/26/11 23:49	-9.006	-9.005	-139.206	-139.218	TARA_20110726Z	TARA_122	net	Tara Oceans
TARA_20110726T2142Z_122_EVENT_NET	7/26/11 21:42	7/26/11 22:03	-8.995	-8.994	-139.217	-139.231	TARA_20110726Z	TARA_122	net	Tara Oceans
TARA_20110726T1710Z_122_EVENT_PUMP	7/26/11 17:10	7/26/11 19:41	-8.997	-8.972	-139.196	-139.274	TARA_20110726Z	TARA_122	pump	Tara Oceans
TARA_20110601T2220Z_111_EVENT_NET	6/1/11 22:20	6/1/11 22:48	-16.976	-16.979	-100.679	-100.692	TARA_20110520Z	TARA_111	net	Tara Oceans
TARA_20110601T2156Z_111_EVENT_NET	6/1/11 21:56	6/1/11 22:13	-16.974	-16.975	-100.668	-100.675	TARA_20110520Z	TARA_111	net	Tara Oceans
TARA_20110531T2030Z_111_Combined-EVENTS_CAST	5/31/11 20:28	5/31/11 23:10	-16.959	-16.969	-100.675	-100.732	TARA_20110520Z	TARA_111	cast	Tara Oceans
TARA_20110531T1708Z_111_EVENT_NET	5/31/11 17:08	5/31/11 17:20	-16.955	-16.955	-100.691	-100.697	TARA_20110520Z	TARA_111	net	Tara Oceans
TARA_20110531T1541Z_111_EVENT_NET	5/31/11 15:41	5/31/11 15:53	-16.958	-16.957	-100.659	-100.662	TARA_20110520Z	TARA_111	net	Tara Oceans
TARA_20110531T1425Z_111_EVENT_PUMP	5/31/11 14:25	5/31/11 16:50	-16.96	-16.955	-100.633	-100.692	TARA_20110520Z	TARA_111	pump	Tara Oceans
TARA_20110513T2014Z_109_EVENT_NET	5/13/11 20:14	5/13/11 20:38	2.022	2.036	-84.565	-84.556	TARA_20110509Z	TARA_109	net	Tara Oceans
TARA_20110512T2215Z_109_EVENT_PUMP	5/12/11 22:15	5/12/11 23:30	2.03	2.066	-84.555	-84.53	TARA_20110509Z	TARA_109	pump	Tara Oceans
TARA_20110512T1755Z_109_EVENT_NET	5/12/11 17:55	5/12/11 18:03	2.057	2.055	-84.555	-84.557	TARA_20110509Z	TARA_109	net	Tara Oceans
TARA_20110512T1631Z_109_EVENT_NET	5/12/11 16:31	5/12/11 16:44	2.04	2.046	-84.56	-84.557	TARA_20110509Z	TARA_109	net	Tara Oceans
TARA_20110512T1400Z_109_EVENT_PUMP	5/12/11 14:00	5/12/11 17:50	1.993	2.06	-84.577	-84.553	TARA_20110509Z	TARA_109	pump	Tara Oceans
TARA_20110512T1400Z_109_EVENT_NET	5/12/11 14:00	5/12/11 14:13	1.996	2.004	-84.576	-84.572	TARA_20110509Z	TARA_109	net	Tara Oceans
TARA_20110422T2113Z_102_EVENT_PUMP	4/22/11 21:13	4/22/11 23:45	-5.267	-5.248	-85.273	-85.334	TARA_20110401Z	TARA_102	pump	Tara Oceans
TARA_20110422T2017Z_102_EVENT_NET	4/22/11 20:17	4/22/11 20:37	-5.269	-5.268	-85.248	-85.251	TARA_20110401Z	TARA_102	net	Tara Oceans
TARA_20110422T1920Z_102_EVENT_NET	4/22/11 19:20	4/22/11 19:38	-5.269	-5.27	-85.212	-85.221	TARA_20110401Z	TARA_102	net	Tara Oceans
TARA_20110421T2303Z_102_EVENT_NET	4/21/11 23:03	4/21/11 23:14	-5.254	-5.254	-85.222	-85.225	TARA_20110401Z	TARA_102	net	Tara Oceans
TARA_20110421T2222Z_102_EVENT_NET	4/21/11 22:22	4/21/11 22:38	-5.252	-5.253	-85.205	-85.213	TARA_20110401Z	TARA_102	net	Tara Oceans
TARA_20110421T2042Z_102_EVENT_NET	4/21/11 20:42	4/21/11 20:53	-5.251	-5.251	-85.17	-85.172	TARA_20110401Z	TARA_102	net	Tara Oceans
TARA_20110421T2007Z_102_EVENT_PUMP	4/21/11 20:07	4/21/11 23:14	-5.253	-5.254	-85.154	-85.225	TARA_20110401Z	TARA_102	pump	Tara Oceans
TARA_20110416T0004Z_100_EVENT_NET	4/16/11 0:04	4/16/11 0:32	-12.912	-12.904	-96.11	-96.122	TARA_20110401Z	TARA_100	net	Tara Oceans
TARA_20110415T2330Z_100_EVENT_NET	4/15/11 23:30	4/16/11 0:03	-12.921	-12.913	-96.095	-96.109	TARA_20110401Z	TARA_100	net	Tara Oceans
TARA_20110415T1938Z_100_EVENT_PUMP	4/15/11 19:38	4/15/11 23:26	-12.972	-12.923	-96.012	-96.093	TARA_20110401Z	TARA_100	pump	Tara Oceans
TARA_20110415T1719Z_100_EVENT_NET	4/15/11 17:19	4/15/11 17:32	-12.936	-12.934	-96.041	-96.043	TARA_20110401Z	TARA_100	net	Tara Oceans
TARA_20110415T1625Z_100_EVENT_NET	4/15/11 16:25	4/15/11 16:40	-12.949	-12.945	-96.029	-96.133	TARA_20110401Z	TARA_100	net	Tara Oceans
TARA_20110415T1327Z_100_EVENT_NET	4/15/11 13:27	4/15/11 13:43	-12.991	-12.989	-95.989	-95.992	TARA_20110401Z	TARA_100	net	Tara Oceans
TARA_20110415T1245Z_100_EVENT_PUMP	4/15/11 12:45	4/15/11 16:25	-13.002	-12.949	-95.976	-96.029	TARA_20110401Z	TARA_100	pump	Tara Oceans
TARA_20110404T1707Z_098_EVENT_NET	4/4/11 17:07	4/4/11 17:52	-25.816	-25.821	-111.735	-111.747	TARA_20110401Z	TARA_098	net	Tara Oceans
TARA_20110403T2150Z_098_Combined-EVENTS_CAST	4/3/11 21:50	4/4/11 1:33	-25.826	-25.859	-111.729	-111.699	TARA_20110401Z	TARA_098	cast	Tara Oceans
TARA_20110403T1628Z_098_EVENT_NET	4/3/11 16:28	4/3/11 16:44	-25.811	-25.813	-111.733	-111.739	TARA_20110401Z	TARA_098	net	Tara Oceans
TARA_20110403T1417Z_098_EVENT_NET	4/3/11 14:17	4/3/11 14:38	-25.807	-25.808	-111.736	-111.744	TARA_20110401Z	TARA_098	net	Tara Oceans
TARA_20110403T1344Z_098_EVENT_PUMP	4/3/11 13:44	4/3/11 16:35	-25.805	-25.813	-111.72	-111.739	TARA_20110401Z	TARA_098	pump	Tara Oceans
TARA_20110106T1936Z_085_Combined-EVENTS_CAST	1/6/11 19:34	1/6/11 21:17	-62.223	-62.266	-49.214	-49.166	TARA_20101231Z	TARA_085	cast	Tara Oceans
TARA_20110106T1857Z_085_EVENT_NET	1/6/11 18:57	1/6/11 19:21	-62.21	-62.218	-49.224	-49.213	TARA_20101231Z	TARA_085	net	Tara Oceans
TARA_20110106T1758Z_085_EVENT_NET	1/6/11 17:58	1/6/11 18:16	-62.194	-62.2	-49.25	-49.242	TARA_20101231Z	TARA_085	net	Tara Oceans
TARA_20110106T1245Z_085_EVENT_NET	1/6/11 12:45	1/6/11 13:01	-62.077	-62.085	-49.453	-49.44	TARA_20101231Z	TARA_085	net	Tara Oceans
TARA_20110106T1038Z_085_EVENT_PUMP	1/6/11 10:38	1/6/11 12:30	-62.038	-62.136	-49.529	-49.333	TARA_20101231Z	TARA_085	pump	Tara Oceans
TARA_20110103T1817Z_084_EVENT_NET	1/3/11 18:17	1/3/11 18:32	-60.402	-60.406	-60.449	-60.442	TARA_20101231Z	TARA_084	net	Tara Oceans
TARA_20110103T1358Z_084_EVENT_NET	1/3/11 13:58	1/3/11 14:15	-60.305	-60.312	-60.572	-60.555	TARA_20101231Z	TARA_084	net	Tara Oceans
TARA_20110103T1217Z_084_EVENT_NET	1/3/11 12:17	1/3/11 12:32	-60.258	-60.266	-60.623	-60.615	TARA_20101231Z	TARA_084	net	Tara Oceans
TARA_20110103T1105Z_084_EVENT_PUMP	1/3/11 11:05	1/3/11 16:00	-60.229	-60.361	-60.648	-60.51	TARA_20101231Z	TARA_084	pump	Tara Oceans
TARA_20101206T1720Z_082_EVENT_NET	12/6/10 17:20	12/6/10 17:30	-47.212	-47.211	-58.027	-58.018	TARA_20101126Z	TARA_082	net	Tara Oceans
TARA_20101206T1323Z_082_EVENT_NET	12/6/10 13:23	12/6/10 13:27	-47.2	-47.2	-58.203	-58.2	TARA_20101126Z	TARA_082	net	Tara Oceans
TARA_20101206T1232Z_082_EVENT_NET	12/6/10 12:32	12/6/10 12:43	-47.197	-47.197	-58.235	-58.228	TARA_20101126Z	TARA_082	net	Tara Oceans
TARA_20101206T1134Z_082_EVENT_NET	12/6/10 11:34	12/6/10 11:52	-47.19	-47.192	-58.272	-58.262	TARA_20101126Z	TARA_082	net	Tara Oceans
TARA_20101206T1033Z_082_EVENT_PUMP	12/6/10 10:33	12/6/10 11:45	-47.186	-47.191	-58.29	-58.268	TARA_20101126Z	TARA_082	pump	Tara Oceans
TARA_20101104T2013Z_078_EVENT_NET	11/4/10 20:13	11/4/10 20:46	-30.14	-30.144	-43.264	-43.256	TARA_20101031Z	TARA_078	net	Tara Oceans
TARA_20101104T1837Z_078_EVENT_NET	11/4/10 18:37	11/4/10 19:07	-30.052	-30.142	-43.262	-43.248	TARA_20101031Z	TARA_078	net	Tara Oceans
TARA_20101104T1816Z_078_Combined-EVENTS_CAST	11/4/10 18:16	11/4/10 21:18	-30.148	-30.149	-43.27	-43.249	TARA_20101031Z	TARA_078	cast	Tara Oceans
TARA_20101104T1424Z_078_EVENT_NET	11/4/10 14:24	11/4/10 14:42	-30.216	-30.225	-43.275	-43.272	TARA_20101031Z	TARA_078	net	Tara Oceans
TARA_20101104T1322Z_078_EVENT_NET	11/4/10 13:22	11/4/10 13:40	-30.187	-30.195	-43.283	-43.281	TARA_20101031Z	TARA_078	net	Tara Oceans
TARA_20101104T1131Z_078_EVENT_NET	11/4/10 11:31	11/4/10 11:51	-30.151	-30.155	-43.288	-43.287	TARA_20101031Z	TARA_078	net	Tara Oceans
TARA_20101104T1004Z_078_EVENT_PUMP	NA	NA	NA	NA	NA	NA	NA	NA	pump	Tara Oceans
TARA_20101016T1953Z_076_EVENT_NET	10/16/10 19:53	10/16/10 20:48	-21.092	-21.108	-35.417	-35.433	TARA_20101003Z	TARA_076	net	Tara Oceans
TARA_20101016T1854Z_076_EVENT_NET	10/16/10 18:54	10/16/10 19:40	-21.072	-21.087	-35.396	-35.412	TARA_20101003Z	TARA_076	net	Tara Oceans
TARA_20101016T1700Z_076_Combined-EVENTS_CAST	10/16/10 16:58	10/16/10 18:43	-21.029	-21.067	-35.35	-35.392	TARA_20101003Z	TARA_076	cast	Tara Oceans
TARA_20101016T1554Z_076_EVENT_NET	10/16/10 15:54	10/16/10 16:28	-21.004	-21.016	-35.317	-35.331	TARA_20101003Z	TARA_076	net	Tara Oceans
TARA_20101016T1245Z_076_EVENT_NET	10/16/10 12:45	10/16/10 13:07	-20.972	-20.979	-35.272	-35.284	TARA_20101003Z	TARA_076	net	Tara Oceans
TARA_20101016T1118Z_076_EVENT_NET	10/16/10 11:18	10/16/10 11:39	-20.951	-20.955	-35.227	-35.237	TARA_20101003Z	TARA_076	net	Tara Oceans
TARA_20101016T1016Z_076_EVENT_NET	10/16/10 10:16	10/16/10 10:35	-20.941	-20.942	-35.196	-35.203	TARA_20101003Z	TARA_076	net	Tara Oceans
TARA_20101016T0955Z_076_EVENT_PUMP	10/16/10 9:55	10/16/10 12:37	-20.935	-21.007	-35.18	-35.334	TARA_20101003Z	TARA_076	pump	Tara Oceans
TARA_20101005T1828Z_072_EVENT_NET	10/5/10 18:28	10/5/10 18:50	-8.683	-8.675	-18.009	-18.018	TARA_20101003Z	TARA_072	net	Tara Oceans
TARA_20101005T1745Z_072_EVENT_NET	10/5/10 17:45	10/5/10 18:06	-8.7	-8.693	-17.993	-18	TARA_20101003Z	TARA_072	net	Tara Oceans
TARA_20101005T1535Z_072_EVENT_PUMP	10/5/10 15:35	10/5/10 15:42	-8.73	-8.701	-17.96	-17.991	TARA_20101003Z	TARA_072	pump	Tara Oceans
TARA_20101005T1406Z_072_EVENT_NET	10/5/10 14:06	10/5/10 14:25	-8.757	-8.752	-17.924	-17.93	TARA_20101003Z	TARA_072	net	Tara Oceans
TARA_20101005T1100Z_072_EVENT_NET	10/5/10 11:00	10/5/10 11:15	-8.728	-8.724	-17.924	-17.926	TARA_20101003Z	TARA_072	net	Tara Oceans
TARA_20101005T0948Z_072_EVENT_NET	10/5/10 9:48	10/5/10 10:05	-8.748	-8.743	-17.918	-17.917	TARA_20101003Z	TARA_072	net	Tara Oceans
TARA_20101005T0820Z_072_EVENT_NET	10/5/10 8:20	10/5/10 8:30	-8.773	-8.783	-17.915	-17.916	TARA_20101003Z	TARA_072	net	Tara Oceans
TARA_20101005T0800Z_072_EVENT_PUMP	10/5/10 8:00	10/5/10 9:23	-8.779	-8.779	-17.91	-17.91	TARA_20101003Z	TARA_072	pump	Tara Oceans
TARA_20100921T1202Z_070_EVENT_NET	9/21/10 12:02	9/21/10 12:10	-20.411	-20.41	-3.178	-3.181	TARA_20100905Z	TARA_070	net	Tara Oceans
TARA_20100921T0823Z_070_EVENT_NET	9/21/10 8:23	9/21/10 8:40	-20.394	-20.392	-3.208	-3.216	TARA_20100905Z	TARA_070	net	Tara Oceans
TARA_20100921T0722Z_070_EVENT_NET	9/21/10 7:22	9/21/10 7:40	-20.404	-20.402	-3.186	-3.191	TARA_20100905Z	TARA_070	net	Tara Oceans
TARA_20100921T0655Z_070_EVENT_PUMP	9/21/10 6:55	9/21/10 8:07	-20.409	-20.398	-3.176	-3.201	TARA_20100905Z	TARA_070	pump	Tara Oceans
TARA_20100914T1256Z_068_EVENT_NET	9/14/10 12:56	9/14/10 13:10	-31.029	-31.029	4.674	4.676	TARA_20100905Z	TARA_068	net	Tara Oceans
TARA_20100914T0655Z_068_EVENT_PUMP	9/14/10 6:55	9/14/10 8:15	-31.027	-31.026	4.665	4.698	TARA_20100905Z	TARA_068	pump	Tara Oceans
TARA_20100913T2237Z_068_EVENT_NET	9/13/10 22:37	9/13/10 22:51	-31.054	-31.051	4.674	4.676	TARA_20100905Z	TARA_068	net	Tara Oceans
TARA_20100913T2135Z_068_EVENT_NET	9/13/10 21:35	9/13/10 21:45	-31.055	-31.054	4.668	4.672	TARA_20100905Z	TARA_068	net	Tara Oceans
TARA_20100913T2020Z_068_EVENT_NET	9/13/10 20:20	9/13/10 20:33	-31.051	-31.051	4.66	4.663	TARA_20100905Z	TARA_068	net	Tara Oceans
TARA_20100907T1016Z_067_EVENT_NET	9/7/10 10:16	9/7/10 10:21	-32.12	-32.117	17.699	17.699	TARA_20100905Z	TARA_067	net	Tara Oceans
TARA_20100907T0825Z_067_EVENT_NET	9/7/10 8:25	9/7/10 8:29	-32.175	-32.172	17.699	17.698	TARA_20100905Z	TARA_067	net	Tara Oceans
TARA_20100907T0659Z_067_EVENT_NET	9/7/10 6:59	9/7/10 7:03	-32.219	-32.216	17.705	17.705	TARA_20100905Z	TARA_067	net	Tara Oceans
TARA_20100907T0619Z_067_EVENT_PUMP	9/7/10 6:19	9/7/10 7:44	-32.24	-32.1	17.71	17.7	TARA_20100905Z	TARA_067	pump	Tara Oceans
TARA_20100715T1539Z_066_Combined-EVENTS_CAST	7/15/10 15:36	7/15/10 17:40	-34.89	-34.848	18.046	18.114	TARA_20100624Z	TARA_066	cast	Tara Oceans
TARA_20100715T1516Z_066_EVENT_NET	7/15/10 15:16	7/15/10 15:20	-34.899	-34.963	18.03	18.021	TARA_20100624Z	TARA_066	net	Tara Oceans
TARA_20100715T1255Z_066_EVENT_NET	7/15/10 12:55	7/15/10 13:02	-34.936	-34.935	17.937	17.94	TARA_20100624Z	TARA_066	net	Tara Oceans
TARA_20100715T1222Z_066_EVENT_PUMP	7/15/10 12:22	7/15/10 14:47	-34.945	-34.899	17.919	18.03	TARA_20100624Z	TARA_066	pump	Tara Oceans
TARA_20100712T1106Z_065_Combined-EVENTS_CAST	7/12/10 11:03	7/12/10 12:12	-35.242	-35.253	26.305	26.317	TARA_20100624Z	TARA_065	cast	Tara Oceans
TARA_20100712T1030Z_065_EVENT_NET	7/12/10 10:30	7/12/10 10:37	-35.235	-35.23	26.302	26.3	TARA_20100624Z	TARA_065	net	Tara Oceans
TARA_20100712T0636Z_065_EVENT_NET	7/12/10 6:36	7/12/10 6:48	-35.181	-35.189	26.288	26.289	TARA_20100624Z	TARA_065	net	Tara Oceans
TARA_20100712T0559Z_065_EVENT_PUMP	7/12/10 5:59	7/12/10 9:00	-35.173	-35.209	26.287	26.293	TARA_20100624Z	TARA_065	pump	Tara Oceans
TARA_20100708T0621Z_064_EVENT_PUMP	7/8/10 6:21	7/8/10 8:50	-29.533	-29.512	37.912	37.859	TARA_20100624Z	TARA_064	pump	Tara Oceans
TARA_20100707T1049Z_064_EVENT_NET	7/7/10 10:49	7/7/10 11:13	-29.502	-29.502	37.995	38	TARA_20100624Z	TARA_064	net	Tara Oceans
TARA_20100707T0815Z_064_EVENT_NET	7/7/10 8:15	7/7/10 8:45	-29.496	-29.495	37.997	37.985	TARA_20100624Z	TARA_064	net	Tara Oceans
TARA_20100707T0753Z_064_EVENT_NET	7/7/10 7:53	7/7/10 8:03	-29.498	-29.497	37.993	37.998	TARA_20100624Z	TARA_064	net	Tara Oceans
TARA_20100707T0714Z_064_EVENT_NET	7/7/10 7:14	7/7/10 7:27	-29.499	-29.499	37.994	37.994	TARA_20100624Z	TARA_064	net	Tara Oceans
TARA_20100707T0517Z_064_EVENT_NET	7/7/10 5:17	7/7/10 5:31	-29.502	-29.501	37.989	37.989	TARA_20100624Z	TARA_064	net	Tara Oceans
TARA_20100707T0448Z_064_EVENT_PUMP	7/7/10 4:48	7/7/10 7:45	-29.502	-29.502	37.989	37.996	TARA_20100624Z	TARA_064	pump	Tara Oceans
TARA_20100517T1142Z_052_EVENT_PUMP	5/17/10 11:42	5/17/10 13:50	-16.953	-16.968	53.96	53.92	TARA_20100515Z	TARA_052	pump	Tara Oceans
TARA_20100517T1050Z_052_EVENT_NET	5/17/10 10:50	5/17/10 11:11	-16.953	-16.953	53.983	53.991	TARA_20100515Z	TARA_052	net	Tara Oceans
TARA_20100517T1005Z_052_EVENT_NET	5/17/10 10:05	5/17/10 10:36	-16.954	-16.953	54.004	53.992	TARA_20100515Z	TARA_052	net	Tara Oceans
TARA_20100517T0648Z_052_EVENT_NET	5/17/10 6:48	5/17/10 7:09	-16.967	-16.969	53.934	53.929	TARA_20100515Z	TARA_052	net	Tara Oceans
TARA_20100517T0545Z_052_EVENT_NET	5/17/10 5:45	5/17/10 6:06	-16.962	-16.963	53.954	53.95	TARA_20100515Z	TARA_052	net	Tara Oceans
TARA_20100517T0410Z_052_EVENT_PUMP	5/17/10 4:10	5/17/10 7:40	-16.957	-17.239	53.98	53.977	TARA_20100515Z	TARA_052	pump	Tara Oceans
TARA_20100517T0410Z_052_EVENT_NET	5/17/10 4:10	5/17/10 4:41	-16.957	-16.958	53.981	53.977	TARA_20100515Z	TARA_052	net	Tara Oceans
TARA_20100419T1147Z_048_EVENT_NET	4/19/10 11:47	4/19/10 12:01	-9.415	-9.416	66.303	66.298	TARA_20100410Z	TARA_048	net	Tara Oceans
TARA_20100419T0756Z_048_EVENT_PUMP	4/19/10 7:56	4/19/10 10:59	-9.392	-9.411	66.423	66.328	TARA_20100410Z	TARA_048	pump	Tara Oceans
TARA_20100413T1115Z_045_EVENT_NET	4/13/10 11:15	4/13/10 11:29	0.215	0.219	71.844	71.851	TARA_20100410Z	TARA_045	net	Tara Oceans
TARA_20100413T0321Z_045_EVENT_PUMP	4/13/10 3:21	4/13/10 6:05	0.003	NA	71.643	NA	TARA_20100410Z	TARA_045	pump	Tara Oceans
TARA_20100413T0246Z_045_EVENT_NET	4/13/10 2:46	4/13/10 2:57	0.002	0.002	71.631	71.639	TARA_20100410Z	TARA_045	net	Tara Oceans
TARA_20100404T0950Z_042_EVENT_PUMP	4/4/10 9:50	4/4/10 11:50	6	6	73.907	73.914	TARA_20100327Z	TARA_042	pump	Tara Oceans
TARA_20100404T0848Z_042_EVENT_NET	4/4/10 8:48	4/4/10 8:57	6	6	73.899	73.9	TARA_20100327Z	TARA_042	net	Tara Oceans
TARA_20100404T0828Z_042_EVENT_NET	4/4/10 8:28	4/4/10 8:40	5.999	5.999	73.898	73.899	TARA_20100327Z	TARA_042	net	Tara Oceans
TARA_20100404T0527Z_042_EVENT_NET	4/4/10 5:27	4/4/10 5:32	6.01	6.01	74.061	73.894	TARA_20100327Z	TARA_042	net	Tara Oceans
TARA_20100404T0304Z_042_EVENT_NET	4/4/10 3:04	4/4/10 3:09	6.002	6.002	73.895	73.895	TARA_20100327Z	TARA_042	net	Tara Oceans
TARA_20100404T0247Z_042_EVENT_PUMP	4/4/10 2:47	4/4/10 6:33	6	6.012	73.895	73.898	TARA_20100327Z	TARA_042	pump	Tara Oceans
TARA_20100330T1056Z_041_EVENT_PUMP	3/30/10 10:56	3/30/10 12:20	14.554	14.537	70.013	70.024	TARA_20100327Z	TARA_041	pump	Tara Oceans
TARA_20100330T0936Z_041_EVENT_NET	3/30/10 9:36	3/30/10 9:48	14.557	14.552	70.011	70.011	TARA_20100327Z	TARA_041	net	Tara Oceans
TARA_20100330T0917Z_041_EVENT_NET	3/30/10 9:17	3/30/10 9:28	14.564	14.56	70.01	70.01	TARA_20100327Z	TARA_041	net	Tara Oceans
TARA_20100330T0532Z_041_EVENT_NET	3/30/10 5:32	3/30/10 5:36	14.574	14.573	69.999	69.999	TARA_20100327Z	TARA_041	net	Tara Oceans
TARA_20100330T0247Z_041_EVENT_PUMP	3/30/10 2:47	3/30/10 5:40	14.606	14.5	69.978	70	TARA_20100327Z	TARA_041	pump	Tara Oceans
TARA_20100330T0245Z_041_EVENT_NET	3/30/10 2:45	3/30/10 2:50	14.607	14.605	69.978	69.978	TARA_20100327Z	TARA_041	net	Tara Oceans
TARA_20100318T1041Z_039_EVENT_NET	3/18/10 10:41	3/18/10 10:47	18.558	18.557	66.472	66.471	TARA_20100309Z	TARA_039	net	Tara Oceans
TARA_20100318T0940Z_039_EVENT_NET	3/18/10 9:40	3/18/10 9:44	18.575	18.573	66.49	66.489	TARA_20100309Z	TARA_039	net	Tara Oceans
TARA_20100318T0820Z_039_EVENT_NET	3/18/10 8:20	3/18/10 8:26	18.574	18.57	66.503	66.502	TARA_20100309Z	TARA_039	net	Tara Oceans
TARA_20100318T0505Z_039_EVENT_NET	3/18/10 5:05	3/18/10 5:08	18.567	18.566	66.522	66.522	TARA_20100309Z	TARA_039	net	Tara Oceans
TARA_20100315T1118Z_038_EVENT_PUMP	3/15/10 11:18	3/15/10 12:46	19.028	19.011	64.513	64.532	TARA_20100309Z	TARA_038	pump	Tara Oceans
TARA_20100315T1020Z_038_EVENT_NET	3/15/10 10:20	3/15/10 10:26	19.02	19.017	64.531	64.617	TARA_20100309Z	TARA_038	net	Tara Oceans
TARA_20100315T1002Z_038_EVENT_NET	3/15/10 10:02	3/15/10 10:12	19.023	19.021	64.526	64.529	TARA_20100309Z	TARA_038	net	Tara Oceans
TARA_20100315T0531Z_038_EVENT_NET	3/15/10 5:31	3/15/10 5:35	19.036	19.036	64.511	64.512	TARA_20100309Z	TARA_038	net	Tara Oceans
TARA_20100315T0337Z_038_EVENT_NET	3/15/10 3:37	3/15/10 3:40	19.039	19.039	64.491	64.493	TARA_20100309Z	TARA_038	net	Tara Oceans
TARA_20100315T0335Z_038_EVENT_PUMP	3/15/10 3:35	3/15/10 5:53	19.039	19.034	64.491	64.516	TARA_20100309Z	TARA_038	pump	Tara Oceans
TARA_20100312T1223Z_036_EVENT_PUMP	3/12/10 12:23	3/12/10 12:33	20.822	20.82	63.513	63.514	TARA_20100309Z	TARA_036	pump	Tara Oceans
TARA_20100312T1120Z_036_EVENT_NET	3/12/10 11:20	3/12/10 11:26	20.807	20.805	63.513	63.513	TARA_20100309Z	TARA_036	net	Tara Oceans
TARA_20100312T1105Z_036_EVENT_NET	3/12/10 11:05	3/12/10 11:16	20.812	20.825	63.513	63.513	TARA_20100309Z	TARA_036	net	Tara Oceans
TARA_20100312T1024Z_036_EVENT_NET	3/12/10 10:24	3/12/10 10:26	20.822	20.821	63.512	63.512	TARA_20100309Z	TARA_036	net	Tara Oceans
TARA_20100312T0606Z_036_EVENT_PUMP	3/12/10 6:06	3/12/10 6:56	20.818	20.815	63.505	63.505	TARA_20100309Z	TARA_036	pump	Tara Oceans
TARA_20100312T0606Z_036_EVENT_NET	3/12/10 6:06	3/12/10 6:15	20.818	20.817	63.505	63.504	TARA_20100309Z	TARA_036	net	Tara Oceans
TARA_20100120T1415Z_034_EVENT_NET	1/20/10 14:15	1/20/10 14:35	18.492	18.493	39.858	39.857	TARA_20100118Z	TARA_034	net	Tara Oceans
TARA_20100120T1150Z_034_EVENT_PUMP	1/20/10 11:50	1/20/10 13:43	18.442	18.49	39.857	39.848	TARA_20100118Z	TARA_034	pump	Tara Oceans
TARA_20100120T1040Z_034_EVENT_NET	1/20/10 10:40	1/20/10 11:00	18.418	18.428	39.865	39.863	TARA_20100118Z	TARA_034	net	Tara Oceans
TARA_20100120T0445Z_034_EVENT_NET	1/20/10 4:45	1/20/10 5:10	18.397	18.398	39.877	39.88	TARA_20100118Z	TARA_034	net	Tara Oceans
TARA_20100113T1010Z_033_EVENT_NET	1/13/10 10:10	1/13/10 10:30	22.085	22.092	38.208	38.205	TARA_20100108Z	TARA_033	net	Tara Oceans
TARA_20100113T0720Z_033_EVENT_NET	1/13/10 7:20	1/13/10 7:40	21.947	21.967	38.252	38.237	TARA_20100108Z	TARA_033	net	Tara Oceans
TARA_20100113T0716Z_033_EVENT_PUMP	1/13/10 7:16	1/13/10 11:09	21.947	22.128	38.252	38.197	TARA_20100108Z	TARA_033	pump	Tara Oceans
TARA_20100111T1417Z_032_EVENT_PUMP	1/11/10 14:17	1/11/10 15:20	23.418	23.422	37.245	37.252	TARA_20100108Z	TARA_032	pump	Tara Oceans
TARA_20100111T1415Z_032_EVENT_NET	1/11/10 14:15	1/11/10 14:39	23.418	23.42	37.245	37.248	TARA_20100108Z	TARA_032	net	Tara Oceans
TARA_20100111T1228Z_032_EVENT_NET	1/11/10 12:28	1/11/10 13:05	23.41	23.417	37.238	37.242	TARA_20100108Z	TARA_032	net	Tara Oceans
TARA_20100111T0837Z_032_EVENT_NET	1/11/10 8:37	1/11/10 9:00	23.373	23.385	37.217	37.213	TARA_20100108Z	TARA_032	net	Tara Oceans
TARA_20100111T0721Z_032_EVENT_PUMP	1/11/10 7:21	1/11/10 11:00	23.36	23.402	37.218	37.218	TARA_20100108Z	TARA_032	pump	Tara Oceans
TARA_20100111T0721Z_032_EVENT_NET	1/11/10 7:21	1/11/10 7:45	23.36	23.363	37.218	37.218	TARA_20100108Z	TARA_032	net	Tara Oceans
TARA_20100109T0925Z_031_EVENT_NET	1/9/10 9:25	1/9/10 9:42	27.148	27.145	34.812	34.807	TARA_20100108Z	TARA_031	net	Tara Oceans
TARA_20100109T0737Z_031_EVENT_NET	1/9/10 7:37	1/9/10 8:09	27.155	27.152	34.83	34.823	TARA_20100108Z	TARA_031	net	Tara Oceans
TARA_20100109T0715Z_031_EVENT_PUMP	1/9/10 7:15	NA	27.16	NA	34.835	NA	TARA_20100108Z	TARA_031	pump	Tara Oceans
TARA_20091124T0945Z_026_EVENT_NET	11/24/09 9:45	11/24/09 9:55	38.437	38.432	20.188	20.189	TARA_20091122Z	TARA_026	net	Tara Oceans
TARA_20091124T0744Z_026_EVENT_NET	11/24/09 7:44	11/24/09 7:58	38.474	38.466	20.172	20.175	TARA_20091122Z	TARA_026	net	Tara Oceans
TARA_20091124T0740Z_026_EVENT_PUMP	11/24/09 7:40	11/24/09 9:15	38.476	38.422	20.171	20.192	TARA_20091122Z	TARA_026	pump	Tara Oceans
TARA_20091123T1620Z_025_EVENT_NET	11/23/09 16:20	11/23/09 16:50	39.383	39.368	19.418	19.421	TARA_20091122Z	TARA_025	net	Tara Oceans
TARA_20091123T1352Z_025_EVENT_PUMP	11/23/09 13:52	11/23/09 16:06	39.399	39.376	19.4	19.417	TARA_20091122Z	TARA_025	pump	Tara Oceans
TARA_20091123T1308Z_025_EVENT_NET	11/23/09 13:08	11/23/09 13:35	39.405	39.402	19.389	19.395	TARA_20091122Z	TARA_025	net	Tara Oceans
TARA_20091123T1102Z_025_EVENT_NET	11/23/09 11:02	11/23/09 11:18	39.214	39.36	19.406	19.408	TARA_20091122Z	TARA_025	net	Tara Oceans
TARA_20091123T0914Z_025_EVENT_NET	11/23/09 9:14	11/23/09 9:34	39.389	39.384	19.391	19.394	TARA_20091122Z	TARA_025	net	Tara Oceans
TARA_20091123T0912Z_025_EVENT_PUMP	11/23/09 9:12	11/23/09 11:18	39.389	39.36	19.39	19.408	TARA_20091122Z	TARA_025	pump	Tara Oceans
TARA_20091121T1319Z_024_EVENT_NET	11/21/09 13:19	11/21/09 13:41	42.459	42.459	17.959	17.964	TARA_20091111Z	TARA_024	net	Tara Oceans
TARA_20091121T1135Z_024_EVENT_NET	11/21/09 11:35	11/21/09 11:58	42.456	42.457	17.939	17.943	TARA_20091111Z	TARA_024	net	Tara Oceans
TARA_20091121T1110Z_024_EVENT_PUMP	11/21/09 11:10	11/21/09 12:42	42.455	42.459	17.935	17.951	TARA_20091111Z	TARA_024	pump	Tara Oceans
TARA_20091116T1703Z_022_EVENT_NET	11/16/09 17:03	11/16/09 17:31	39.866	39.872	17.387	17.385	TARA_20091111Z	TARA_022	net	Tara Oceans
TARA_20091116T1453Z_022_EVENT_PUMP	11/16/09 14:53	11/16/09 16:54	39.571	39.862	17.41	17.388	TARA_20091111Z	TARA_022	pump	Tara Oceans
TARA_20091116T1340Z_022_EVENT_NET	11/16/09 13:40	11/16/09 13:57	39.814	39.816	17.414	17.413	TARA_20091111Z	TARA_022	net	Tara Oceans
TARA_20091116T0816Z_022_EVENT_PUMP	11/16/09 8:16	11/16/09 8:23	39.839	39.84	17.416	17.415	TARA_20091111Z	TARA_022	pump	Tara Oceans
TARA_20091112T1744Z_020_EVENT_NET	11/12/09 17:44	11/12/09 17:53	34.406	34.404	15.043	15.047	TARA_20091111Z	TARA_020	net	Tara Oceans
TARA_20091112T1409Z_020_EVENT_PUMP	11/12/09 14:09	11/12/09 16:00	34.453	34.443	14.954	14.983	TARA_20091111Z	TARA_020	pump	Tara Oceans
TARA_20091112T1220Z_020_EVENT_NET	11/12/09 12:20	11/12/09 12:29	34.493	34.49	14.913	14.918	TARA_20091111Z	TARA_020	net	Tara Oceans
TARA_20091102T1430Z_018_EVENT_NET	11/2/09 14:30	11/2/09 0:00	35.753	NA	14.277	NA	TARA_20091031Z	TARA_018	net	Tara Oceans
TARA_20091102T1415Z_018_EVENT_NET	11/2/09 14:15	11/2/09 0:00	35.753	NA	14.277	NA	TARA_20091031Z	TARA_018	net	Tara Oceans
TARA_20091102T1407Z_018_EVENT_PUMP	11/2/09 14:07	11/2/09 15:56	35.753	35.759	14.277	14.345	TARA_20091031Z	TARA_018	pump	Tara Oceans
TARA_20091102T1125Z_018_EVENT_NET	11/2/09 11:25	11/2/09 11:39	35.74	35.743	14.324	14.332	TARA_20091031Z	TARA_018	net	Tara Oceans
TARA_20091102T1031Z_018_EVENT_NET	11/2/09 10:31	11/2/09 11:02	35.744	35.742	14.308	14.317	TARA_20091031Z	TARA_018	net	Tara Oceans
TARA_20091102T0813Z_018_EVENT_PUMP	11/2/09 8:13	11/2/09 11:39	35.759	35.739	14.257	14.332	TARA_20091031Z	TARA_018	pump	Tara Oceans
TARA_20091027T1350Z_016_EVENT_PUMP	10/27/09 13:50	10/27/09 16:47	37.453	NA	15.46	NA	TARA_20091025Z	TARA_016	pump	Tara Oceans
TARA_20091027T0822Z_016_EVENT_PUMP	10/27/09 8:22	10/27/09 9:44	37.496	37.468	15.495	15.479	TARA_20091025Z	TARA_016	pump	Tara Oceans
TARA_20091004T1530Z_011_EVENT_NET	10/4/09 15:30	NA	41.666	NA	2.799	NA	TARA_20090926Z	TARA_011	net	Tara Oceans
TARA_20091004T1416Z_011_EVENT_NET	10/4/09 14:16	10/4/09 14:22	41.667	41.669	2.796	2.796	TARA_20090926Z	TARA_011	net	Tara Oceans
TARA_20091004T0830Z_011_EVENT_PUMP	10/4/09 8:30	NA	41.669	NA	2.8	NA	TARA_20090926Z	TARA_011	pump	Tara Oceans
TARA_20090928T1522Z_009_EVENT_NET	9/28/09 15:22	9/28/09 15:27	39.086	39.087	5.78	5.776	TARA_20090926Z	TARA_009	net	Tara Oceans
TARA_20090928T1508Z_009_EVENT_NET	9/28/09 15:08	9/28/09 15:14	39.086	39.086	5.793	5.788	TARA_20090926Z	TARA_009	net	Tara Oceans
TARA_20090928T1218Z_009_EVENT_PUMP	9/28/09 12:18	9/28/09 14:18	39.163	39.078	5.916	5.803	TARA_20090926Z	TARA_009	pump	Tara Oceans
TARA_20090915T1800Z_004_EVENT_PUMP	9/15/09 18:00	NA	36.553	NA	-6.567	NA	TARA_20090913Z	TARA_004	pump	Tara Oceans
TARA_20090915T1500Z_004_EVENT_NET	9/15/09 15:00	NA	36.553	NA	-6.567	NA	TARA_20090913Z	TARA_004	net	Tara Oceans
TARA_20090915T1130Z_004_EVENT_PUMP	9/15/09 11:30	NA	36.553	NA	-6.567	NA	TARA_20090913Z	TARA_004	pump	Tara Oceans
TARA_20091215T1512Z_030_Combined-EVENTS_CAST	12/15/09 15:23	12/15/09 17:32	33.923	33.93	32.812	32.732	TARA_20091214Z	TARA_030	cast	Tara Oceans
TARA_20091215T1113Z_030_EVENT_NET	12/15/09 11:13	12/15/09 11:30	33.918	33.918	32.885	32.883	TARA_20091214Z	TARA_030	net	Tara Oceans
TARA_20091215T1041Z_030_EVENT_PUMP	12/15/09 10:41	12/15/09 13:30	33.918	33.92	32.898	32.841	TARA_20091214Z	TARA_030	pump	Tara Oceans
TARA_20091118T1632Z_023_EVENT_NET	11/18/09 16:32	11/18/09 16:49	42.165	42.163	17.736	17.738	TARA_20091111Z	TARA_023	net	Tara Oceans
TARA_20091118T1352Z_023_EVENT_NET	11/18/09 13:52	11/18/09 14:06	42.169	42.169	17.718	17.718	TARA_20091111Z	TARA_023	net	Tara Oceans
TARA_20091118T1256Z_023_EVENT_NET	11/18/09 12:56	11/18/09 13:23	42.173	42.172	17.718	17.718	TARA_20091111Z	TARA_023	net	Tara Oceans
TARA_20091118T1240Z_023_EVENT_PUMP	11/18/09 13:50	11/18/09 15:46	42.173	42.166	17.725	17.729	TARA_20091111Z	TARA_023	pump	Tara Oceans
TARA_20091118T1017Z_023_EVENT_NET	11/18/09 10:17	11/18/09 10:33	42.192	42.19	17.718	17.718	TARA_20091111Z	TARA_023	net	Tara Oceans
TARA_20091118T0841Z_023_EVENT_PUMP	11/18/09 8:41	11/18/09 10:46	42.204	42.187	17.715	17.719	TARA_20091111Z	TARA_023	pump	Tara Oceans
TARA_20090923T1832Z_007_EVENT_NET	9/23/09 18:32	9/23/09 18:45	37.011	37.008	1.946	1.945	TARA_20090919Z	TARA_007	net	Tara Oceans
TARA_20090923T1754Z_007_EVENT_NET	9/23/09 17:54	9/23/09 18:08	37.024	37.019	1.949	1.948	TARA_20090919Z	TARA_007	net	Tara Oceans
TARA_20090923T1608Z_007_EVENT_PUMP	9/23/09 16:08	9/23/09 16:55	37.054	37.04	1.948	1.95	TARA_20090919Z	TARA_007	pump	Tara Oceans
TARA_20090923T1439Z_007_EVENT_NET	9/23/09 14:39	9/23/09 14:58	37.03	37.026	1.958	1.953	TARA_20090919Z	TARA_007	net	Tara Oceans
TARA_20090923T1250Z_007_EVENT_PUMP	9/23/09 12:50	9/23/09 13:00	37.051	37.047	1.938	1.943	TARA_20090919Z	TARA_007	pump	Tara Oceans