Sample_event_ID	start_ISO_DateTime	end_ISO_DateTime	start_lon	start_lat	end_lon	end_lat	cruise_ID	cruise_expedition	sampling_event_type	Station_name
OSD191_20140702T1433Z	2014-07-02T14:33	2014-07-02T14:55	-12.3382	130.6952	-12.3382	130.6952	OSD-Jun-2014	OSD	cast	OSD191
OSD190_20140713T0722Z	2014-07-13T07:22	2014-07-13T07:40	-35.8372	136.4413	-35.8372	136.4413	OSD-Jun-2015	OSD	cast	OSD190
OSD189_20140624T1605Z	2014-06-24T16:05	2014-06-24T19:15	-19.305	147.622	-19.305	147.622	OSD-Jun-2016	OSD	cast	OSD189
OSD188_20140624T2148Z	2014-06-24T21:48	2014-06-24T22:24	-32	115.4167	-32	115.4167	OSD-Jun-2017	OSD	cast	OSD188
OSD186_20140621T1704Z	2014-06-21T17:04	2014-06-21T17:21	38.885507	-76.5416	38.885507	-76.5416	OSD-Jun-2018	OSD	cast	OSD186
OSD185_20140624T1434Z	2014-06-24T14:34	2014-06-24T14:34	51.481583	2.451483	51.481583	2.451483	OSD-Jun-2019	OSD	cast	OSD185
OSD184_20140624T1806Z	2014-06-24T18:06	2014-06-24T18:07	51.682917	2.4152	51.682717	2.414967	OSD-Jun-2020	OSD	cast	OSD184
OSD183_20140624T2158Z	2014-06-24T21:58	2014-06-24T21:58	51.74835	2.698	51.74835	2.698	OSD-Jun-2021	OSD	cast	OSD183
OSD182_20140624T1316Z	2014-06-24T13:16	2014-06-24T13:16	51.458433	2.350467	51.458433	2.350467	OSD-Jun-2022	OSD	cast	OSD182
OSD178_20140624T2320Z	2014-06-24T23:20	2014-06-24T23:20	51.580333	2.7897	51.580317	2.7897	OSD-Jun-2023	OSD	cast	OSD178
OSD177_20140624T1035Z	2014-06-24T10:35	2014-06-24T10:37	51.18575	2.701667	51.185917	2.702133	OSD-Jun-2024	OSD	cast	OSD177
OSD176_20140624T1127Z	2014-06-24T11:27	2014-06-24T11:28	51.2777	2.6135	51.277933	2.613667	OSD-Jun-2025	OSD	cast	OSD176
OSD175_20140624T1313Z	2014-06-24T13:13	2014-06-24T13:13	51.334817	2.50215	51.334817	2.50215	OSD-Jun-2026	OSD	cast	OSD175
OSD174_20140625T0047Z	2014-06-25T00:47	2014-06-25T00:47	51.471567	3.059167	51.471583	3.0592	OSD-Jun-2027	OSD	cast	OSD174
OSD173_20140625T0139Z	2014-06-25T01:39	2014-06-25T01:39	51.441017	3.13995	51.441017	3.13995	OSD-Jun-2028	OSD	cast	OSD173
OSD172_20140625T0245Z	2014-06-25T02:45	2014-06-25T02:45	51.37485	3.218333	51.37485	3.218333	OSD-Jun-2029	OSD	cast	OSD172
OSD171_20140625T0423Z	2014-06-25T04:23	2014-06-25T04:23	51.307333	2.849333	51.307333	2.849333	OSD-Jun-2030	OSD	cast	OSD171
OSD170_20140625T0504Z	2014-06-25T05:04	2014-06-25T05:05	51.269517	2.9047	51.2695	2.90465	OSD-Jun-2031	OSD	cast	OSD170
OSD169_20140621T1149Z	2014-06-21T11:49	2014-06-21T12:09	51.796139	1.012958	51.796139	1.012958	OSD-Jun-2032	OSD	bucket	OSD169
OSD168_20140621T0915Z	2014-06-21T09:15	2014-06-21T09:55	38.41333	27.03421	38.41333	27.03421	OSD-Jun-2033	OSD	cast	OSD168
OSD167_20140621T1415Z	2014-06-21T14:15	2014-06-21T15:30	65.7064	-18.1181	65.7064	-18.1181	OSD-Jun-2034	OSD	bucket	OSD167
OSD166_20140621T0948Z	2014-06-21T09:48	2014-06-21T09:58	43.2655	-2.89966	43.43287	-2.90056	OSD-Jun-2035	OSD	bucket	OSD166
OSD165_20140623T0900Z	2014-06-23T09:00	2014-06-23T09:00	57.8498	-5.6495	57.8498	-5.6495	OSD-Jun-2036	OSD	bucket	OSD165
OSD163_20140620T1200Z	2014-06-20T12:00	2014-06-20T12:00	58.957	-2.9726	58.957	-2.9726	OSD-Jun-2037	OSD	bucket	OSD163
OSD162_20140623T1100Z	2014-06-23T11:00	2014-06-23T11:00	56.9631	-2.1031	56.9631	-2.1031	OSD-Jun-2038	OSD	Water pump	OSD162
OSD159_20140621T1000Z	2014-06-19T10:00	2014-06-19T10:45	48.359	-4.552	48.359	-4.552	OSD-Jun-2039	OSD	cast	OSD159
OSD158_20140621T1120Z	2014-06-21T11:20	2014-06-21T12:00	37.4328	-25.19	37.4328	-25.19	OSD-Jun-2040	OSD	bucket	OSD158
OSD157_20140620T0900Z	2014-06-20T09:00	2014-06-20T11:30	59.622	10.6282	59.622	10.6282	OSD-Jun-2041	OSD	cast	OSD157
OSD156_20140621T1000Z	2014-06-21T10:00	2014-06-21T12:00	59.89961	10.71999	59.89961	10.71999	OSD-Jun-2043	OSD	cast	OSD156
OSD155_20140621T0700Z	2014-06-21T07:00	2014-06-21T10:00	59.81618	10.59863	59.81618	10.59863	OSD-Jun-2045	OSD	bucket	OSD155
OSD154_20140620T1120Z	2014-06-20T11:20	2014-06-20T11:40	44.66666	-1.16666	44.66666	-1.16666	OSD-Jun-2047	OSD	cast	OSD154
OSD153_20140621T1015Z	2014-06-21T10:15	2014-06-21T10:35	36.997655	-7.981656	36.997655	-7.981656	OSD-Jun-2048	OSD	bucket	OSD153
OSD152_20140620T1610Z	2014-06-20T16:10	2014-06-20T16:15	44.6936	-63.6403	44.6936	-63.6403	OSD-Jun-2049	OSD	cast	OSD152
OSD152_20140620T1630Z	2014-06-20T16:30	2014-06-20T16:35	44.6936	-63.6403	44.6936	-63.6403	OSD-Jun-2050	OSD	cast	OSD152
OSD152_20140620T1650Z	2014-06-20T16:50	2014-06-20T16:59	44.6936	-63.6403	44.6936	-63.6403	OSD-Jun-2051	OSD	cast	OSD152
OSD148_20140621T0845Z	2014-06-21T08:45	2014-06-21T09:00	53.580926	8.148636	53.580926	8.148636	OSD-Jun-2052	OSD	cast	OSD148
OSD147_20140621T0533Z	2014-06-21T05:33	2014-06-21T05:55	8.873739	81.077344	8.873739	81.077344	OSD-Jun-2053	OSD	cast	OSD147
OSD146_20140621T0542Z	2014-06-21T05:42	2014-06-21T06:29	78.453333	-2.829667	78.453333	-2.829667	OSD-Jun-2054	OSD	cast	OSD146
OSD145_20140621T1045Z	2014-06-21T10:45	2014-06-21T11:05	51.361369	3.118856	51.361369	3.118856	OSD-Jun-2055	OSD	cast	OSD145
OSD144_20140624T0608Z	2014-06-24T06:08	2014-06-24T06:08	21.26882	-157.72231	21.26882	-157.72231	OSD-Jun-2056	OSD	bucket	OSD144
OSD143_20140621T1845Z	2014-06-21T18:45	2014-06-21T20:00	31.98282	-81.01667	31.98282	-81.01667	OSD-Jun-2057	OSD	cast	OSD143
OSD142_20140621T1500Z	2014-06-21T15:00	2014-06-21T18:00	31.383607	-80.866685	31.383607	-80.866685	OSD-Jun-2058	OSD	cast	OSD142
OSD141_20140620T0845Z	2014-06-20T08:45	2014-06-20T09:00	60.16121	5.11504	60.16121	5.11504	OSD-Jun-2059	OSD	Water pump	OSD141
OSD133_20140621T0724Z	2014-06-21T07:24	2014-06-21T08:14	-33.897069	18.386825	-33.93572	18.47147	OSD-Jun-2060	OSD	cast	OSD133
OSD132_20140622T0845Z	2014-06-22T08:45	2014-06-22T09:00	32.0694	34.843	32.0694	34.843	OSD-Jun-2061	OSD	Water pump	OSD132
OSD131_20140621T0824Z	2014-06-21T08:24	2014-06-21T11:30	42.413806	27.669	42.424831	27.669019	OSD-Jun-2062	OSD	cast	OSD131
OSD130_20140621T1141Z	2014-06-21T11:41	2014-06-21T12:05	66.1316	-18.7902	66.1316	-18.7902	OSD-Jun-2063	OSD	bucket	OSD130
OSD129_20140621T1638Z	2014-06-21T16:38	2014-06-21T17:03	65.817186	-18.101835	65.48868	-18.0608	OSD-Jun-2064	OSD	cast	OSD129
OSD128_20140621T1705Z	2014-06-21T17:05	2014-06-21T17:19	65.4886	-18.0608	65.4877	-18.06032	OSD-Jun-2065	OSD	cast	OSD128
OSD127_20140621T1143Z	2014-06-21T11:43	2014-06-21T12:12	66.00776	-18.19531	66.00696	-18.19041	OSD-Jun-2066	OSD	cast	OSD127
OSD126_20140621T1215Z	2014-06-21T12:15	2014-06-21T12:31	66.00691	-18.19653	66.00659	-18.19753	OSD-Jun-2067	OSD	cast	OSD126
OSD125_20140621T1300Z	2014-06-21T13:00	2014-06-21T16:55	55.03306	-1.43278	55.03306	-1.43278	OSD-Jun-2068	OSD	bucket	OSD125
OSD124_20140621T0325Z	2014-06-21T03:25	2014-06-21T03:40	34.32444	135.12083	34.32444	135.12083	OSD-Jun-2069	OSD		OSD124
OSD123_20140622T0900Z	2014-06-22T09:00	2014-06-22T11:00	32.822	32.954	32.822	32.954	OSD-Jun-2070	OSD	cast	OSD123
OSD122_20140622T0745Z	2014-06-22T07:45	2014-06-22T08:45	29.4667	34.9291	29.4667	34.9291	OSD-Jun-2071	OSD	Water pump	OSD122
OSD118_20140621T1214Z	2014-06-21T12:14	2014-06-24T12:17	51.7423	-8.3112	51.7423	-8.3112	OSD-Jun-2072	OSD	bucket	OSD118
OSD117_20140621T1610Z	2014-06-21T16:10	2014-06-21T16:40	37.167	-7.504	37.167	-7.504	OSD-Jun-2073	OSD	bucket	OSD117
OSD116_20140621T1330Z	2014-06-21T13:30	2014-06-21T13:40	39.415067	-9.218828	39.415067	-9.218828	OSD-Jun-2074	OSD	bucket	OSD116
OSD115_20140621T1430Z	2014-06-21T14:30	2014-06-21T14:45	39.134347	-9.384778	39.134347	-9.384778	OSD-Jun-2075	OSD	bucket	OSD115
OSD114_20140621T1005Z	2014-06-21T10:05	2014-06-21T10:30	34.41	-9.51	34.41	-9.51	OSD-Jun-2076	OSD	cast	OSD114
OSD111_20140621T0830Z	2014-06-21T08:30	2014-06-21T08:50	40.659875	-8.703761	40.659875	-8.703761	OSD-Jun-2077	OSD	bucket	OSD111
OSD110_20140621T1030Z	2014-06-21T10:30	2014-06-21T10:50	40.145122	-8.869328	40.145122	-8.869328	OSD-Jun-2078	OSD	bucket	OSD110
OSD109_20140620T1100Z	2014-06-20T11:00	2014-06-20T11:10	38.67694	-9.01239	38.67694	-9.01239	OSD-Jun-2079	OSD	bucket	OSD109
OSD108_20140620T1140Z	2014-06-20T11:40	2014-06-20T11:50	38.757283	-8.966333	38.757283	-8.966333	OSD-Jun-2080	OSD	bucket	OSD108
OSD107_20140620T0950Z	2014-06-20T09:50	2014-06-20T10:10	39.14039	-9.38011	39.14039	-9.38011	OSD-Jun-2081	OSD	bucket	OSD107
OSD106_20140620T1130Z	2014-06-20T11:30	2014-06-20T12:30	65.9449	-22.4192	65.9449	-22.4192	OSD-Jun-2082	OSD	cast	OSD106
OSD106_20140620T1100Z	2014-06-20T11:00	2014-06-20T13:00	65.9449	-22.4192	65.9449	-22.4192	OSD-Jun-2083	OSD	cast	OSD106
OSD105_20140621T1839Z	2014-06-21T18:39	2014-06-21T19:00	69.023323	-105.34339	69.023323	-105.34339	OSD-Jun-2084	OSD	Water pump	OSD105
OSD103_20140621T1015Z	2014-06-21T10:15	2014-06-21T10:20	32.7747	-16.828664	32.7747	-16.828664	OSD-Jun-2085	OSD	bucket	OSD103
OSD102_20140621T1200Z	2014-06-21T12:00	2014-06-21T12:05	32.64605	-16.910158	32.64605	-16.910158	OSD-Jun-2086	OSD	bucket	OSD102
OSD101_20140621T1105Z	2014-06-21T11:05	2014-06-21T11:10	32.741808	-16.711281	32.741808	-16.711281	OSD-Jun-2087	OSD	bucket	OSD101
OSD100_20140622T0800Z	2014-06-22T08:00	2014-06-22T10:30	35.35	25.29	35.35	25.29	OSD-Jun-2088	OSD	cast	OSD100
OSD99_20140621T1024Z	2014-06-21T10:24	2014-06-21T11:31	45.70092	13.71003	45.70092	13.71003	OSD-Jun-2090	OSD	cast	OSD99
OSD98_20140621T1240Z	2014-06-21T12:40	2014-06-21T12:40	38.64	-28.13	38.64	-28.13	OSD-Jun-2091	OSD	bucket	OSD98
OSD97_20140621T1235Z	2014-06-21T12:35	2014-06-21T13:18	38.5297	-28.601778	38.5297	-28.601778	OSD-Jun-2092	OSD	bucket	OSD97
OSD96_20140621T1250Z	2014-06-21T12:50	2014-06-21T13:10	37.4257	-25.3156	37.4257	-25.3156	OSD-Jun-2093	OSD	bucket	OSD96
OSD95_20140621T0825Z	2014-06-21T08:25	2014-06-21T08:41	1.2685	103.9168	1.2726	103.9206	OSD-Jun-2094	OSD	bucket	OSD95
OSD94_20140621T0930Z	2014-06-21T09:30	2014-06-21T10:00	35.086353	-2.214658	35.086353	-2.214658	OSD-Jun-2095	OSD	cast	OSD94
OSD93_20140621T1100Z	2014-06-21T11:00	2014-06-21T12:00	33.259611	-8.499222	33.259611	-8.499222	OSD-Jun-2096	OSD	cast	OSD93
OSD92_20140621T1100Z	2014-06-21T11:00	2014-06-21T12:00	33.583917	-7.700639	33.583917	-7.700639	OSD-Jun-2097	OSD	cast	OSD92
OSD91_20140621T1100Z	2014-06-21T11:00	2014-06-21T12:00	32.74675	-9.036667	32.74675	-9.036667	OSD-Jun-2098	OSD	cast	OSD91
OSD90_20140621T0800Z	2014-06-21T08:00	2014-06-21T11:00	38.48435	21.31689	38.48435	21.31689	OSD-Jun-2099	OSD	cast	OSD90
OSD81_20140621T1058Z	2014-06-21T10:58	2014-06-21T11:20	37.005053	-7.973119	37.005053	-7.973119	OSD-Jun-2100	OSD	bucket	OSD81
OSD80_20140621T1730Z	2014-06-21T17:30	2014-06-21T18:30	74.31	-20.3043	74.31	-20.3043	OSD-Jun-2101	OSD	bucket	OSD80
OSD80_20140621T1930Z	2014-06-21T19:30	2014-06-21T20:30	74.31	-20.3043	74.31	-20.3043	OSD-Jun-2102	OSD	bucket	OSD80
OSD78_20140621T0900Z	2014-06-21T09:00	2014-06-21T09:30	43.57	13.595	43.57	13.595	OSD-Jun-2103	OSD	cast	OSD78
OSD77_20140620T1100Z	2014-06-20T11:00	2014-06-20T12:30	43.8514	13.0731	43.8514	13.0731	OSD-Jun-2104	OSD	bucket	OSD77
OSD76_20140620T0915Z	2014-06-20T09:15	2014-06-20T10:30	43.9475	12.935	43.9475	12.935	OSD-Jun-2105	OSD	bucket	OSD76
OSD74_20140621T1115Z	2014-06-21T11:15	2014-06-21T12:00	41.1416	-8.6668	41.1416	-8.6668	OSD-Jun-2106	OSD	bucket	OSD74
OSD73_20140621T1115Z	2014-06-21T11:15	2014-06-21T11:29	41.6835	-8.8341	41.6835	-8.8341	OSD-Jun-2107	OSD	bucket	OSD73
OSD72_20140621T0912Z	2014-06-21T09:12	2014-06-21T09:23	54.8333	10	54.8333	10	OSD-Jun-2108	OSD	cast	OSD72
OSD71_20140621T2335Z	2014-06-20T23:35	2014-06-20T23:45	-45.7442	170.7706	-45.7442	170.7706	OSD-Jun-2109	OSD	bucket	OSD71
OSD70_20140621T1111Z	2014-06-21T11:11	2014-06-21T11:13	45.4142	12.4378	45.4142	12.4378	OSD-Jun-2110	OSD	cast	OSD70
OSD69_20140621T1508Z	2014-06-21T15:08	2014-06-21T15:11	45.4568	12.2605	45.4568	12.2605	OSD-Jun-2111	OSD	cast	OSD69
OSD65_20140620T2230Z	2014-06-20T22:30	2014-06-20T22:50	-36.292794	174.818567	-36.292794	174.818567	OSD-Jun-2112	OSD	cast	OSD65
OSD64_20140621T0930Z	2014-06-21T09:30	2014-06-21T10:30	46.44155	30.77595	46.44155	30.77595	OSD-Jun-2113	OSD	cast	OSD64
OSD63_20140620T1130Z	2014-06-20T11:30	2014-06-20T13:30	45.31435	12.508317	45.31435	12.508317	OSD-Jun-2114	OSD	cast	OSD63
OSD62_20140621T1000Z	2014-06-21T10:00	2014-06-21T10:02	53.225417	-4.159028	53.225417	-4.159028	OSD-Jun-2115	OSD	cast	OSD62
OSD61_20140621T2108Z	2014-06-21T21:08	2014-06-21T21:43	41.524467	-70.672174	41.524467	-70.672174	OSD-Jun-2116	OSD	bucket	OSD61
OSD60_20140619T1545Z	2014-06-19T15:45	2014-06-19T16:00	33.32306	-79.16763	33.32306	-79.16763	OSD-Jun-2117	OSD	cast	OSD60
OSD58_20140621T1530Z	2014-06-21T15:30	2014-06-21T17:00	34.7181	-76.6707	34.7181	-76.6707	OSD-Jun-2118	OSD	cast	OSD58
OSD57_20140624T0738Z	2014-06-24T07:38	2014-06-24T07:38	21.28656	-157.84351	21.28656	-157.84351	OSD-Jun-2119	OSD	bucket	OSD57
OSD56_20140624T0720Z	2014-06-24T07:20	2014-06-24T07:20	21.2888	-156.86362	21.2888	-156.86362	OSD-Jun-2120	OSD	bucket	OSD56
OSD55_20140621T1630Z	2014-06-21T16:30	2014-06-21T17:37	43.8604	-69.5781	43.8604	-69.5781	OSD-Jun-2121	OSD	cast	OSD55
OSD54_20140621T1545Z	2014-06-21T15:45	2014-06-21T16:30	43.8444	-69.6409	43.8444	-69.6409	OSD-Jun-2122	OSD	cast	OSD54
OSD53_20140621T0843Z	2014-06-21T08:43	2014-06-21T08:50	27.04153	33.90703	27.04153	33.9082	OSD-Jun-2123	OSD	bucket	OSD53
OSD52_20140621T1007Z	2014-06-21T10:07	2014-06-21T10:14	27.02527	33.91255	27.02527	33.91253	OSD-Jun-2124	OSD	bucket	OSD52
OSD51_20140621T1556Z	2014-06-21T15:56	2014-06-21T16:02	9.3485	-82.266	9.3485	-82.266	OSD-Jun-2125	OSD	cast	OSD51
OSD50_20140620T0709Z	2014-06-20T07:09	2014-06-20T07:11	43.333333	-1.925	43.333333	-1.925	OSD-Jun-2126	OSD	cast	OSD50
OSD49_20140621T0930Z	2014-06-21T09:30	2014-06-21T10:00	45.325568	13.33189	45.325568	13.33189	OSD-Jun-2127	OSD	cast	OSD49
OSD48_20140621T0950Z	2014-06-21T09:50	2014-06-21T09:52	45.4125	12.5265	45.4125	12.5265	OSD-Jun-2128	OSD	cast	OSD48
OSD47_20140621T1256Z	2014-06-21T12:56	2014-06-21T12:57	45.502	12.4176	45.502	12.4176	OSD-Jun-2129	OSD	cast	OSD47
OSD46_20140621T2000Z	2014-06-21T20:00	2014-06-21T20:15	30.2484	-88.74825	30.2484	-88.74825	OSD-Jun-2130	OSD	bucket	OSD46
OSD45_20140622T2130Z	2014-06-22T21:30	2014-06-22T21:55	27.61578	-82.72587	27.61578	-82.72587	OSD-Jun-2131	OSD	bucket	OSD45
OSD43_20140621T1849Z	2014-06-21T18:49	2014-06-21T20:25	32.86698	-117.25725	32.86698	-117.25725	OSD-Jun-2132	OSD	bucket	OSD43
OSD42_20140621T1000Z	2014-06-21T10:00	2014-06-21T11:00	38.26861	15.63708	38.26861	15.63708	OSD-Jun-2133	OSD	cast	OSD42
OSD41_20140621T1840Z	2014-06-21T18:40	2014-06-21T18:45	48.04051	-123.0257	48.04051	-123.0257	OSD-Jun-2134	OSD	cast	OSD41
OSD39_20140619T0500Z	2014-06-19T18:00	2014-06-19T18:15	32.7524	-79.89954	32.7524	-79.89954	OSD-Jun-2135	OSD	cast	OSD39
OSD38_20140620T1655Z	2014-06-20T16:55	2014-06-20T17:15	24.7449	-80.78375	24.7449	-80.78375	OSD-Jun-2136	OSD	bucket	OSD38
OSD37_20140619T1311Z	2014-06-19T13:11	2014-06-19T13:24	26.10293	-80.09315	26.10293	-80.09315	OSD-Jun-2137	OSD	bucket	OSD37
OSD36_20140621T1730Z	2014-06-21T17:30	2014-06-21T18:30	39.3322	-75.4699	39.3322	-75.4699	OSD-Jun-2138	OSD	bucket	OSD36
OSD35_20140621T1701Z	2014-06-21T17:01	2014-06-21T18:30	38.6792	-76.1742	38.6792	-76.1742	OSD-Jun-2139	OSD	bucket	OSD35
OSD34_20140621T0930Z	2014-06-21T09:30	2014-06-21T10:30	31.21667	29.96667	31.21667	29.96667	OSD-Jun-2140	OSD	bucket	OSD34
OSD33_20140619T1535Z	2014-06-19T15:35	2014-06-19T15:45	-42.5966	148.2333	-42.5966	148.2333	OSD-Jun-2141	OSD	cast	OSD33
OSD32_20140623T1520Z	2014-06-23T15:20	2014-06-23T15:30	-27.342	153.5622	-27.2	153.3373	OSD-Jun-2142	OSD	cast	OSD32
OSD31_20140612T1120Z	2014-06-12T11:20	2014-06-12T12:36	-34.0833	151.25	-34.0833	151.25	OSD-Jun-2143	OSD	bucket	OSD31
OSD29_20140621T1500Z	2014-06-21T15:00	2014-06-21T15:15	27.4694	-80.283366	27.4694	-80.283366	OSD-Jun-2144	OSD	bucket	OSD29
OSD28_20140621T0415Z	2014-06-21T04:15	2014-06-21T04:20	16.802575	88.08165	16.802575	88.08165	OSD-Jun-2145	OSD	bucket	OSD28
OSD26_20140621T1245Z	2014-06-21T12:45	2014-06-21T15:00	35.82	-5.75	35.82	-5.75	OSD-Jun-2146	OSD	cast	OSD26
OSD25_20140621T0900Z	2014-06-21T09:00	2014-06-21T10:00	35.086353	-2.214658	35.086353	-2.214658	OSD-Jun-2147	OSD	cast	OSD25
OSD24_20140621T1230Z	2014-06-21T12:30	2014-06-21T14:00	35.1927	-2.88005	35.1927	-2.88005	OSD-Jun-2148	OSD	cast	OSD24
OSD22_20140623T0800Z	2014-06-23T06:01	2014-06-23T13:30	43.22639	5.1746	43.22639	5.1746	OSD-Jun-2149	OSD	cast	OSD22
OSD20_20140620T1030Z	2014-06-20T10:30	2014-06-20T10:50	64.208333	-22.015	64.208333	-22.015	OSD-Jun-2150	OSD	bucket	OSD20
OSD19_20140623T0730Z	2014-06-23T07:30	2014-06-23T08:00	35	33	35	33	OSD-Jun-2152	OSD	cast	OSD19
OSD18_20140620T0800Z	2014-06-20T08:00	2014-06-20T08:20	35.363732	33.289649	35.362826	33.287118	OSD-Jun-2153	OSD	cast	OSD18
OSD17_20140620T0700Z	2014-06-20T07:00	2014-06-20T07:00	51.434733	2.810867	51.434733	2.810867	OSD-Jun-2154	OSD	cast	OSD17
OSD15_20140621T0730Z	2014-06-21T07:30	2014-06-21T10:30	43.686111	7.31567	43.686111	7.31567	OSD-Jun-2155	OSD	cast	OSD15
OSD14_20140623T0805Z	2014-06-23T07:40	2014-06-23T08:10	42.49	3.14	42.49	3.14	OSD-Jun-2157	OSD	cast	OSD14
OSD13_20140621T0630Z	2014-06-21T06:30	2014-06-21T06:45	43.185	27.936667	43.185	27.936667	OSD-Jun-2158	OSD	cast	OSD13
OSD10_20140621T2050Z	2014-06-21T20:50	2014-06-21T22:00	41.839834	-83.18995	41.839834	-83.18995	OSD-Jun-2159	OSD	bucket	OSD10
OSD9_20140618T0418Z	2014-06-18T04:18	2014-06-18T04:27	33.55	-118.4	33.55	-118.4	OSD-Jun-2160	OSD	bucket	OSD9
OSD7_20140621T2000Z	2014-06-21T20:00	2014-06-21T20:15	-17.2894	-149.53985	-17.2894	-149.53985	OSD-Jun-2161	OSD		OSD7
OSD5_20140619T1100Z	2014-06-19T11:00	2014-06-19T13:00	35.661	24.99	35.661	24.99	OSD-Jun-2162	OSD	cast	OSD5
OSD5_20140619T0515Z	2014-06-19T05:15	2014-06-19T11:15	35.661	24.99	35.661	24.99	OSD-Jun-2163	OSD	cast	OSD5
OSD4_20140620T0900Z	2014-06-20T09:00	2014-06-20T11:00	40.808	14.25	40.808	14.25	OSD-Jun-2164	OSD	cast	OSD4
OSD3_20140620T0540Z	2014-06-20T05:40	2014-06-20T06:00	54.18194	7.9	54.18194	7.9	OSD-Jun-2165	OSD	cast	OSD3
OSD2_20140620T1126Z	2014-06-20T11:26	2014-06-20T11:45	48.7778	-3.9375	48.7778	-3.9375	OSD-Jun-2166	OSD	cast	OSD2
OSD1_20140621T1110Z	2014-06-21T11:10	2014-06-21T11:25	50.151	-4.13	50.151	-4.13	OSD-Jun-2167	OSD	cast	OSD1
OSD30_20140620T0815Z	2014-06-20T08:15	2014-06-20T09:15	59.8822	23.2538	59.8822	23.2538	OSD-Jun-2168	OSD	Water pump	OSD30
OSD113_20140621T1125Z	2014-06-21T11:25	2014-06-21T12:00	38.6667	-9.4367	38.6667	-9.4367	OSD-Jun-2169	OSD	cast	OSD113
OSD151_20140621T1430Z	2014-06-21T14:30	2014-06-21T15:00	-34.7	-54.266	-34.7	-54.266	OSD-Jun-2170	OSD	bucket	OSD151
OSD21_20140621T1055Z	2014-06-21T10:55	2014-06-21T11:05	45.08	13.61	45.08	13.61	OSD-Jun-2171	OSD	cast	OSD21
OSD150_20140621T1500Z	2014-06-21T15:00	2014-06-21T15:10	-34.666	-54.2752	-34.666	-54.2752	OSD-Jun-2172	OSD	bucket	OSD150
OSD6_20140621T0930Z	2014-06-21T10:30	2014-06-21T11:30	41.6666	2.8	41.6666	2.8	OSD-Jun-2173	OSD	bucket	OSD6
OSD149_20140621T1440Z	2014-06-21T14:40	2014-06-21T14:50	-34.616	-54.266	-34.616	-54.266	OSD-Jun-2174	OSD	bucket	OSD149
OSD164_20140613T1000Z	2014-06-13T10:00	2014-06-13T10:00	60.14333	-1.2825	60.14333	-1.2825	OSD-Jun-2175	OSD	bucket	OSD164